ID,PAYS,PROVINCE,CPROV_SNIS,DIST_ADM,CDA_SNIS,TERRITOIRE,CTER_SNIS,DIST_SA,NOM_ZS,CZS_SNIS,SCE_GEO,Cde_ZS_PUC,Cde_DS_PUC,Nom_DS_PUC,Nom_ZS_PUC,Area,Pop,PopDensity
129,RDC,Kasai Oriental,11,Sankuru,1103,KATAKO KOMBE,110301,Sankuru,Wembo Nyama,11030103,OMS,11030103,1103,Sankuru,Wembo Nyama,3897.07005559000,71278.00000000000,18.29
120,RDC,Kasai Oriental,11,Sankuru,1103,KOLE,110302,Sankuru,Kole,11030202,OMS,11030202,1103,Sankuru,Kole,3366.46406661000,0.00000000000,0.00
13,RDC,Kasai Oriental,11,Sankuru,1103,LUSAMBO,110306,Sankuru,Pania Mutombo,11030602,OMS,11030602,1103,Sankuru,Pania Mutombo,4894.30791901000,0.00000000000,0.00
17,RDC,Kasai Oriental,11,Sankuru,1103,LUBEFU,110305,Sankuru,Minga,11030502,OMS,11030501,1103,Sankuru,Minga,6624.57887391000,0.00000000000,0.00
84,RDC,Kasai Oriental,11,Sankuru,1103,LUSAMBO,110306,Sankuru,Lusambo,11030601,OMS,11030601,1103,Sankuru,Lusambo,3786.38316053000,0.00000000000,0.00
130,RDC,Kasai Oriental,11,Sankuru,1103,LUBEFU,110305,Sankuru,Dikungu Tshumbe,11030501,OMS,11030104,1103,Sankuru,Dikungu,2746.47759182000,,
124,RDC,Kasai Oriental,11,Sankuru,1103,LODJA,110303,Sankuru,Vanga Kete,11030303,OMS,11030303,1103,Sankuru,Vanga Kete,5817.51316053000,0.00000000000,0.00
125,RDC,Kasai Oriental,11,Sankuru,1103,LODJA,110303,Sankuru,Lodja,11030301,OMS,11030304,1103,Sankuru,Lodja,3283.02181558000,,
127,RDC,Kasai Oriental,11,Sankuru,1103,LODJA,110303,Sankuru,Omendjadi,11030302,OMS,11030302,1103,Sankuru,Omendjadi,2353.99876031000,0.00000000000,0.00
128,RDC,Kasai Oriental,11,Sankuru,1103,KATAKO KOMBE,110301,Sankuru,Djalo Djeka,11030101,OMS,11030101,1103,Sankuru,Djalo Djeka,14615.91522780000,67713.00000000000,4.63
128,RDC,Kasai Oriental,11,Sankuru,1103,KATAKO KOMBE,110301,Sankuru,Katako Kombe,11030102,OMS,11030102,1103,Sankuru,Katako Kombe,7425.06921382000,113792.00000000000,15.33
0,RDC,Kasai Oriental,11,Sankuru,1103,LOMELA,110304,Sankuru,Tshudi Loto,11030402,OMS,11030402,1103,Sankuru,Tshudi Loto,14700.28924540000,0.00000000000,0.00
0,RDC,Kasai Oriental,11,Sankuru,1103,Kole,110302,Sankuru,Bena Dibele,11030201,OMS,11030201,1103,Sankuru,Bena Dibele,13526.97995360000,30375.00000000000,2.25
0,RDC,Kasai Oriental,11,Kabinda,1101,Kamiji,110102,MweneDitu,Kamiji,11010201,Div_snis,1105B0201,1105,Mwene Ditu,Kamiji,1314.12364825000,85746.00000000000,65.25
0,RDC,Kasai Oriental,11,Tshilenge,1104,Katanda,110402,Tshilenge,Tshitenge,11040202,Div_snis,11040202,1104,Tshilenge,Tshitenge,227.95770835700,204380.00000000000,896.57
0,RDC,Kasai Oriental,11,Tshilenge,1104,Miabi,110404,Tshilenge,Miabi,11040402,Div_snis,11040402,1104,Tshilenge,Miabi,452.16032658300,129481.00000000000,286.36
0,RDC,Kasai Oriental,11,Kabinda,1101,Ngandajika,110105,Kabinda,Ngandajika,11010501,Div_snis,11010501,1101,Kabinda,Ngandajika,896.18675226300,274537.00000000000,306.34
0,RDC,Kasai Oriental,11,Kabinda,1101,Ngandajika,110105,Kabinda,Mulumba,11010503,Div_snis,11010503,1101,Kabinda,Mulumba,877.05610292300,253799.00000000000,289.38
0,RDC,Kasai Oriental,11,Tshilenge,1104,Tshilenge,110405,Tshilenge,Tshilenge,11040502,Div_snis,11040502,1104,Tshilenge,Tshilenge,573.80575349000,262864.00000000000,458.11
0,RDC,Kasai Oriental,11,Tshilenge,1104,Miabi,110404,Tshilenge,Cilundu,11040401,Div_snis,11040401,1104,Tshilenge,Cilundu,1256.74265547000,161913.00000000000,128.84
0,RDC,Kasai Oriental,11,Kabinda,1101,Lubao,110103,Kabinda,Lubao,11010302,Div_snis,11010302,1101,Kabinda,Lubao,7633.42502372000,182392.00000000000,23.89
0,RDC,Kasai Oriental,11,Kabinda,1101,Kabinda,110101,Kabinda,Kalonda Est,11010102,Div_snis,11010102,1101,Kabinda,Kalonda Est,4132.88607655000,200192.00000000000,48.44
0,RDC,Kasai Oriental,11,Kabinda,1101,Kabinda,110101,Kabinda,Kabinda,11010101,Div_snis,11010101,1101,Kabinda,Kabinda,5756.44965245000,242942.00000000000,42.20
0,RDC,Kasai Oriental,11,Kabinda,1101,Kabinda,110101,Kabinda,Ludimbi Lukula,11010103,Div_snis,11010103,1101,Kabinda,Ludimbi Lukula,5497.15547650000,134266.00000000000,24.42
0,RDC,Kasai Oriental,11,Kabinda,1101,Ngandajika,110105,Kabinda,Kalambayi Kabanga,11010502,Div_snis,11010502,1101,Kabinda,Kalambayi Kabanga,3942.97338015000,136377.00000000000,34.59
0,RDC,Kasai Oriental,11,MweneDitu,1105,Bondoyi,110503,MweneDitu,Makota,11050301,Div_snis,1105A0301,1105,Mwene Ditu,Makota,65.28752025210,207253.00000000000,3174.40
0,RDC,Kasai Oriental,11,MweneDitu,1105,MweneDitu,110502,MweneDitu,Mwene Ditu,11050201,Div_snis,1105A0201,1105,Mwene Ditu,Mwene Ditu,381.95513662400,373535.00000000000,977.96
0,RDC,Kasai Oriental,11,Kabinda,1101,Luilu,110104,MweneDitu,Wikong,11010406,Div_snis,1105B0404,1105,Mwene Ditu,Wikong,725.86306559800,104835.00000000000,144.43
0,RDC,Kasai Oriental,11,Kabinda,1101,Luilu,110104,MweneDitu,Luputa,11010403,Div_snis,1105B0403,1105,Mwene Ditu,Luputa,3253.20547415000,255970.00000000000,78.68
0,RDC,Kasai Oriental,11,Kabinda,1101,Luilu,110104,MweneDitu,Kanda Kanda,11010402,Div_snis,1105B0402,1105,Mwene Ditu,Kanda Kanda,2453.69690014000,205972.00000000000,83.94
0,RDC,Kasai Oriental,11,MbujiMayi,1102,Kanshi,110202,Mbuji-Mayi,Bonzola,11020201,Div_snis,11020201,1102,Mbuji-Mayi,Bonzola,29.77332462050,178392.00000000000,5991.60
0,RDC,Kasai Oriental,11,MbujiMayi,1102,Dibindi,110203,Mbuji-Mayi,Dibindi,11020301,Div_snis,11020301,1102,Mbuji-Mayi,Dibindi,4.73277206320,235672.00000000000,49795.00
0,RDC,Kasai Oriental,11,MbujiMayi,1102,Muya,110205,Mbuji-Mayi,Kansele,11020501,Div_snis,11020501,1102,Mbuji-Mayi,Kansele,4.42411125980,206690.00000000000,46718.00
0,RDC,Kasai Oriental,11,MbujiMayi,1102,Muya,110205,Mbuji-Mayi,Muya,11020502,Div_snis,11020502,1102,Mbuji-Mayi,Muya,9.54351414753,348921.00000000000,36561.00
0,RDC,Kasai Oriental,11,MbujiMayi,1102,Diulu,110204,Mbuji-Mayi,Diulu,11020401,Div_snis,11020401,1102,Mbuji-Mayi,Diulu,9.18320818437,330220.00000000000,35959.00
0,RDC,Kasai Oriental,11,MbujiMayi,1102,Bipemba,110201,Mbuji-Mayi,Bipemba,11020101,Div_snis,11020101,1102,Mbuji-Mayi,Bipemba,16.50159188460,318135.00000000000,19279.00
0,RDC,Kasai Oriental,11,MbujiMayi,1102,Bipemba,110201,Mbuji-Mayi,Mpokolo,11020102,Div_snis,11020102,1102,Mbuji-Mayi,Mpokolo,20.06270646850,270551.00000000000,13485.00
0,RDC,Kasai Oriental,11,MbujiMayi,1102,Bipemba,110201,Mbuji-Mayi,Nzaba,11020103,Div_snis,11020103,1102,Mbuji-Mayi,Nzaba,28.04574509730,259746.00000000000,9261.50
0,RDC,Kasai Oriental,11,Tshilenge,1104,Kabeya K.,110401,Tshilenge,Kabeya Kamuanga,11040101,Div_snis,11040101,1104,Tshilenge,Kabeya Kamuanga,2202.51431599000,144763.00000000000,65.73
0,RDC,Kasai Oriental,11,Tshilenge,1104,Lupatapata,110403,Tshilenge,Mukumbi,11040301,Div_snis,11040301,1104,Tshilenge,Mukumbi,1503.68382280000,104961.00000000000,69.80
0,RDC,Kasai Oriental,11,MbujiMayi,1102,Dibindi,110203,Mbuji-Mayi,Lukelenge,11020303,Div_snis,11020303,1102,Mbuji-Mayi,Lukelenge,19.35140990950,242085.00000000000,12509.00
0,RDC,Kasai Oriental,11,Tshilenge,1104,Lupatapata,110403,Tshilenge,Tshishimbi,11040302,Div_snis,11040302,1104,Tshilenge,Tshishimbi,681.84320793300,168656.00000000000,247.35
0,RDC,Kasai Oriental,11,MbujiMayi,1102,Dibindi,110203,Mbuji-Mayi,Lubilanji,11020302,Div_snis,11020302,1102,Mbuji-Mayi,Lubilanji,4.37144277804,235304.00000000000,53827.00
0,RDC,Kasai Oriental,11,Kabinda,1101,Lubao,110103,Kabinda,Kamana,11010301,Div_snis,11010301,1101,Kabinda,Kamana,8061.41414049000,169389.00000000000,21.01
0,RDC,Kasai Oriental,11,Tshilenge,1104,Tshilenge,110405,Tshilenge,Kasansa,11040501,Div_snis,11040501,1104,Tshilenge,Kasansa,1320.52999837000,182831.00000000000,138.45
0,RDC,Kasai Oriental,11,Tshilenge,1104,Katanda,110402,Tshilenge,Bibanga,11040201,Div_snis,11040201,1104,Tshilenge,Bibanga,1709.71786928000,132740.00000000000,77.64
0,RDC,Kasai Oriental,11,Kabinda,1101,Luilu,110104,MweneDitu,Kalenda,11010401,Div_snis,1105B0401,1105,Mwene Ditu,Kalenda,4143.79770836000,167269.00000000000,40.37
0,RDC,Kasai Oriental,11,Kabinda,1101,Lubao,110103,Kabinda,Tshofa,11010303,Div_snis,11010303,1101,Kabinda,Tshofa,5793.50741112000,119518.00000000000,20.63
0,RDC,Nord Kivu,08,Rutshuru,0804,Goma,080401,Goma,Goma,08040101,Div_snis,08040101,,Rutshuru,Goma,45.44528056360,,
0,RDC,Nord Kivu,08,Rutshuru,0804,Karisimbi,080402,Goma,Karisimbi,08040201,Div_snis,08040201,,Rutshuru,Karisimbi,443.88399048900,,
0,RDC,Nord Kivu,08,Rutshuru,0804,Rushuru,080404,Goma,Binza,08040402,Div_snis,08040402,,Rutshuru,Binza,1263.83091132000,,
0,RDC,Nord Kivu,08,Butembo,0802,Lubero,080203,Butembo,Manguredjipa,08020305,Div_snis,08020305,,Butembo,Manguredjipa,5609.40948445000,,
0,RDC,Nord Kivu,08,Rutshuru,0804,Rushuru,080404,Goma,Birambizo,08040403,Div_snis,08040403,,Rutshuru,Birambizo,1708.19326094000,,
0,RDC,Nord Kivu,08,Rutshuru,0804,Rushuru,080404,Goma,Rutshuru,08040405,Div_snis,08040405,,Rutshuru,Rutshuru,1665.26436535000,,
0,RDC,Nord Kivu,08,Butembo,0802,Lubero,080203,Butembo,Kayna,08020303,Div_snis,08020303,,Butembo,Kayna,2434.09150947000,,
0,RDC,Nord Kivu,08,Butembo,0802,Lubero,080203,Butembo,Lubero,08020304,Div_snis,08020304,,Butembo,Lubero,2877.56902199000,,
0,RDC,Nord Kivu,08,Rutshuru,0804,Rushuru,080404,Goma,Rwanguba,08040406,Div_snis,08040406,,Rutshuru,Rwanguba,747.64615776100,,
0,RDC,Nord Kivu,08,Butembo,0802,"Bulengera, Mususa",080202,Butembo,Katwa,08020201,Div_snis,08020201,,Butembo,Katwa,205.51549754600,,
0,RDC,Nord Kivu,08,Beni,0801,Beni,080101,Butembo,Vuhovi,08010107,Div_snis,08010107,,Beni,Vuhovi,418.47161492600,,
0,RDC,Nord Kivu,08,Beni,0801,Beni,080101,Butembo,Mutwanga,08010105,Div_snis,08010105,,Beni,Mutwanga,1892.68044670000,,
0,RDC,Nord Kivu,08,Beni,0801,Beni,080101,Butembo,Kyondo,08010103,Div_snis,08010103,,Beni,Kyondo,992.42927176800,,
0,RDC,Nord Kivu,08,Butembo,0802,"Kimemi, Bulamba",080201,Butembo,Butembo,08020101,Div_snis,08020101,,Butembo,Butembo,595.16980532200,,
0,RDC,Nord Kivu,08,Butembo,0802,Lubero,080203,Butembo,Biena,08020302,Div_snis,08020302,,Butembo,Biena,1018.33552991000,,
0,RDC,Nord Kivu,08,Masisi,0803,Masisi,080301,Goma,Masisi,08030103,Div_snis,08030103,,Masisi,Masisi,1757.44016026000,,
0,RDC,Nord Kivu,08,Masisi,0803,Walikale,080302,Goma,Pinga,08030203,Div_snis,08030203,,Masisi,Pinga,10261.93066320000,,
0,RDC,Nord Kivu,08,Masisi,0803,Walikale,080302,Goma,Walikale,08030204,Div_snis,08030204,,Masisi,Walikale,13440.18936330000,,
0,RDC,Nord Kivu,08,Beni,0801,Beni,080101,Butembo,Oicha,08010106,Div_snis,08010106,,Beni,Oicha,1987.30577289000,,
0,RDC,Nord Kivu,08,Beni,0801,le de beni,080102,Butembo,Beni,08010201,Div_snis,08010201,,Beni,Beni,1831.14991926000,,
0,RDC,Nord Kivu,08,Masisi,0803,Masisi,080301,Goma,Mweso,08030104,Div_snis,08030104,,Masisi,Mweso,1103.56602460000,,
0,RDC,Nord Kivu,08,Butembo,0802,Lubero,080203,Butembo,Masereka,08020306,Div_snis,08020306,,Butembo,Masereka,407.24804443100,,
0,RDC,Nord Kivu,08,Masisi,0803,Masisi,080301,Goma,Kirotshe,08030102,Div_snis,08030102,,Masisi,Kirotshe,1457.69015839000,,
0,RDC,Nord Kivu,08,Butembo,0802,Lubero,080203,Butembo,Musienene,08020307,Div_snis,08020307,,Butembo,Musienene,3075.67859988000,,
0,RDC,Equateur,04,MONGALA,0403,BONGANDANGA,040301,Mongala,Pimu,04030104,OMS,04030104,0403,Mongala,Pimu,5740.62826515000,222128.00000000000,38.69
0,RDC,Equateur,04,EQUATEUR,0402,BASANKUSU,040201,Equateur,Djombo,04020102,OMS,04020102,0402,Equateur,Djombo,5152.76292067000,91505.00000000000,17.76
0,RDC,Equateur,04,MONGALA,0403,BONGANDANGA,040301,Mongala,Bongandanga,04030101,OMS,04030101,0403,Mongala,Bongandanga,11026.53319780000,109418.00000000000,9.92
0,RDC,Equateur,04,EQUATEUR,0402,BASANKUSU,040201,Equateur,Basankusu,04020101,OMS,04020101,0402,Equateur,Basankusu,11515.09658470000,205167.00000000000,17.82
63,RDC,Kasai Occidental,10,Kasai,1003,TSHIKAPA,100301,Tshikapa,Nyanga,10030105,OMS,10030105,,Tshikapa,Nyanga,1926.75993818000,104246.00000000000,54.10
76,RDC,Kasai Occidental,10,Lulua,1004,KAZUMBA,100403,Tshikapa,Kalonda,10040302,Div_snis,10020201,,Tshikapa,Kalonda,59.53413472360,126756.00000000000,2129.10
93,RDC,Kasai Occidental,10,Kasai,1003,TSHIKAPA,100301,Tshikapa,Kamonia,10030102,OMS,10030102,,Tshikapa,Kamonia,4972.80100516000,270991.00000000000,54.49
93,RDC,Kasai Occidental,10,Kasai,1003,TSHIKAPA,100301,Tshikapa,Mutena,10030104,OMS,10030104,,Tshikapa,Mutena,2634.39365368000,192617.00000000000,73.12
79,RDC,Kasai Occidental,10,Kasai,1003,ILEBO,100304,Tshikapa,Banga Lubaka,10030401,OMS,10030401,,Tshikapa,Banga Lubaka,3601.93357244000,135258.00000000000,37.55
79,RDC,Kasai Occidental,10,Kasai,1003,TSHIKAPA,100301,Tshikapa,Kamwesha,10030101,OMS,10030101,,Tshikapa,Kamwesha,7748.30707383000,306577.00000000000,39.57
83,RDC,Kasai Occidental,10,Kasai,1003,MWEKA,100305,Kasai,Mweka,10030504,OMS,10030504,,Kasa,Mweka,3894.24007002000,153400.00000000000,39.39
0,RDC,Katanga,09,Tanganika,0907,MOBA,090705,Tanganika,Moba,09070502,OMS,09070502,0907,Tanganika,Moba,13372.99702950000,264485.00000000000,19.78
0,RDC,Katanga,09,Haut Katanga,0901,KAMBOVE,090101,Likasi,Kambove,09010101,OMS,09010101,0901,Haut-Katanga,Kambove,2952.83824597000,98198.00000000000,33.26
0,RDC,Katanga,09,Kolwezi,0903,LUBUDI,090302,Kolwezi,Bunkeya,09030201,OMS,09030201,0903,Kolwezi,Bunkeya,4620.37013987000,46531.00000000000,10.07
0,RDC,Katanga,09,Lubumbashi,0906,KENYA,090604,Lubumbashi,Kenya,09060401,OMS,09060401,0906,Lubumbashi,Kenya,326.17481145900,115397.00000000000,353.79
0,RDC,Katanga,09,Lubumbashi,0906,KAMALONDO,090601,Lubumbashi,Kamalondo,09060101,OMS,09060101,0906,Lubumbashi,Kamalondo,147.28030569100,50415.00000000000,342.31
0,RDC,Katanga,09,Lubumbashi,0906,KAMPEMBA,090602,Lubumbashi,Tshamilemba,09060202,OMS,09060202,0906,Lubumbashi,Tshamilemba,319.16787663000,110071.00000000000,344.87
0,RDC,Equateur,04,SUD-UBANGI,0406,GEMENA,040602,Sud-Ubangi,Bogosenubia,04060201,OMS,04060201,0406,Sud-Ubangi,Bogosenubea,3872.60294517000,112115.00000000000,28.95
0,RDC,Bas-Congo,02,Boma,0202,MOANDA,020202,Boma,Moanda,02020203,OMS,02020203,0202,Boma,Moanda,1234.20980444000,123917.00000000000,100.40
0,RDC,Bas-Congo,02,Boma,0202,MOANDA,020202,Boma,Kitona,02020202,OMS,02020202,0202,Boma,Kitona,149.98152648600,82915.00000000000,552.83
0,RDC,Bas-Congo,02,Boma,0202,"KABONDO, KALAMU et NZADI",020201,Boma,Boma,02020101,OMS,02020101,0202,Boma,Boma,140.49396405000,176325.00000000000,1255.00
0,RDC,Bas-Congo,02,Boma,0202,KALAMU,020202,Boma,Boma Bungu,02020201,OMS,02020201,0202,Boma,Boma Bungu,2621.51638146000,72731.00000000000,27.74
0,RDC,Bas-Congo,02,Bas-Fleuve,0201,SEKE-BANZA,020102,Bas-Fleuve,Seke Banza,02010202,OMS,02010202,0201,Bas-Fleuve,Seke-Banza,1792.06728067000,131277.00000000000,73.25
0,RDC,Bas-Congo,02,Bas-Fleuve,0201,SEKE-BANZA,020102,Bas-Fleuve,Inga,02010201,OMS,02010201,0201,Bas-Fleuve,Inga,1824.64320932000,74343.00000000000,40.74
0,RDC,Bas-Congo,02,Bas-Fleuve,0201,LUKULA,020101,Bas-Fleuve,Lukula,02010102,OMS,02010102,0201,Bas-Fleuve,Lukula,2256.55016711000,168925.00000000000,74.86
0,RDC,Bas-Congo,02,Bas-Fleuve,0201,TSHELA,020103,Bas-Fleuve,Tshela,02010304,OMS,02010304,0201,Bas-Fleuve,Tshela,412.19732389000,83374.00000000000,202.27
0,RDC,Bas-Congo,02,Bas-Fleuve,0201,TSHELA,020103,Bas-Fleuve,Vaku,02010305,OMS,02010305,0201,Bas-Fleuve,Vaku,880.08548923200,66496.00000000000,75.56
0,RDC,Bas-Congo,02,Bas-Fleuve,0201,TSHELA,020103,Bas-Fleuve,Kizu,02010302,OMS,02010302,0201,Bas-Fleuve,Kizu,323.69733523700,58038.00000000000,179.30
0,RDC,Bas-Congo,02,Cataractes,0203,LUOZI,020301,Cataractes,Kibunzi,02030101,OMS,02030101,0203,Cataractes,Kibunzi,2198.96114715000,58352.00000000000,26.54
0,RDC,Bas-Congo,02,Cataractes,0203,LUOZI,020301,Cataractes,Luozi,02030102,OMS,02030102,0203,Cataractes,Luozi,2769.06997548000,79378.00000000000,28.67
0,RDC,Bas-Congo,02,Cataractes,0203,MBANZA NGUNGU,020302,Cataractes,Kimpangu,02030203,OMS,02030203,0203,Cataractes,Kimpangu,1491.67848326000,112284.00000000000,75.27
0,RDC,Bas-Congo,02,Lukaya,0204,MADIMBA,020403,Lukaya,Ngidinga,02040302,OMS,02040302,0204,Lukaya,Ngidinga,2877.19475618000,137833.00000000000,47.91
0,RDC,Bas-Congo,02,Cataractes,0203,MBANZA NGUNGU,020302,Cataractes,Boko-Kivulu,02030201,OMS,02030201,0203,Cataractes,Boko-Kivulu,1998.19902902000,153714.00000000000,76.93
0,RDC,Bas-Congo,02,Cataractes,0203,MBANZA NGUNGU,020302,Cataractes,Mbanza-Ngungu,02030205,OMS,02030205,0203,Cataractes,Mbanza-Ngungu,427.15178299000,106417.00000000000,249.13
0,RDC,Bas-Congo,02,Cataractes,0203,MBANZA NGUNGU,020302,Cataractes,Kwilu-Ngongo,02030204,OMS,02030204,0203,Cataractes,Kwilu-Ngongo,2090.66421707000,133034.00000000000,63.63
0,RDC,Bas-Congo,02,Lukaya,0204,MADIMBA,020403,Lukaya,Kisantu,02040301,OMS,02040301,0204,Lukaya,Kisantu,1729.28793788000,160137.00000000000,92.60
82,RDC,Kasai Occidental,10,Kasai,1003,ILEBO,100304,Kasai,Mikope,10030403,OMS,10030403,,Kasa,Mikope,11693.51951670000,150486.00000000000,12.87
0,RDC,Bandundu,03,Mai-Ndombe,0305,Oshwe,030504,Mai-Ndombe,Oshwe,03050402,OMS,03050402,0305,Mai-Ndombe,Oshwe,15742.10483840000,117177.00000000000,7.44
0,RDC,Bandundu,03,Mai-Ndombe,0305,Kutu,030503,Mai-Ndombe,Bosobe,03050302,OMS,03050302,0305,Mai-Ndombe,Bosobe,6493.49896084000,102355.00000000000,15.76
0,RDC,Bandundu,03,Mai-Ndombe,0305,Kutu,030503,Mai-Ndombe,Bokoro,03050301,OMS,03050301,0305,Mai-Ndombe,Bokoro,9484.81747854000,167776.00000000000,17.69
0,RDC,Bandundu,03,Kwilu,0304,Idiofa,030405,Kwilu,Masi-Manimba,03040502,OMS,03040502,0304,Kwilu,Masi-Manimba,3336.58784657000,151524.00000000000,45.41
0,RDC,Bandundu,03,Kwilu,0304,Idiofa,030405,Kwilu,Yasa-Bonga,03040505,OMS,03040505,0304,Kwilu,Yasa-Bonga,2830.43952682000,166513.00000000000,58.83
0,RDC,Bandundu,03,Kwilu,0304,Idiofa,030404,Kwilu,Idiofa,03040401,OMS,03040401,0304,Kwilu,Idiofa,6069.53164033000,228484.00000000000,37.64
0,RDC,Bandundu,03,Kwilu,0304,Idiofa,030404,Kwilu,Ipamu,03040402,OMS,03040402,0304,Kwilu,Ipamu,2786.83864490000,157586.00000000000,56.55
0,RDC,Bandundu,03,Kwilu,0304,Idiofa,030404,Kwilu,Koshibanda,03040404,OMS,03040404,0304,Kwilu,Koshibanda,5038.66427967000,146759.00000000000,29.13
0,RDC,Bandundu,03,Kwilu,0304,Gungu,030403,Kwilu,Kingandu,03040302,OMS,03040302,0304,Kwilu,Kingandu,2656.04565567000,81053.00000000000,30.52
0,RDC,Bandundu,03,Kwilu,0304,Bulungu,030402,Kwilu,Bulungu,03040201,OMS,03040201,0304,Kwilu,Bulungu,2979.82871103000,210293.00000000000,70.57
0,RDC,Bandundu,03,Kwilu,0304,Bagata,030401,Kwilu,Bagata,03040101,OMS,03040101,0304,Kwilu,Bagata,8392.20060268000,130466.00000000000,15.55
0,RDC,Bandundu,03,Bandundu,0301,"Disasi, Basoko, Mayoyo",030101,Bandundu,Bandundu,03010101,OMS,03010101,0301,Bandundu,Bandundu,363.24782119600,109430.00000000000,301.25
0,RDC,Bandundu,03,Kwango,0303,Kahemba,030302,Kwango,Kajiji,03030202,OMS,03030202,0303,Kwango,Kajiji,6804.99716404000,120410.00000000000,17.69
0,RDC,Bandundu,03,Kikwit,0302,"Kazamba, Lukeni",030201,Kikwit,Kikwit-Nord,03020101,OMS,03020101,0302,Kikwit,Kikwit-Nord,95.47443350430,169518.00000000000,1775.50
0,RDC,Bandundu,03,Kwilu,0304,Bulungu,030402,Kwilu,Lusanga,03040203,OMS,03040203,0304,Kwilu,Lusanga,3627.74467455000,195462.00000000000,53.88
0,RDC,Bandundu,03,Kwango,0303,Feshi,030301,Kwango,Feshi,03030101,OMS,03030101,0303,Kwango,Feshi,6942.15155367000,119284.00000000000,17.18
0,RDC,Bandundu,03,Kwango,0303,Kasongo-Lunda,030303,Kwango,Wamba Lwadi,03030305,OMS,03030305,0303,Kwango,Wamba Lwadi,5684.27591293000,87280.00000000000,15.35
0,RDC,Bandundu,03,Kwango,0303,Kasongo-Lunda,030303,Kwango,Panzi,03030303,OMS,03030303,0303,Kwango,Panzi,9255.58590172000,140037.00000000000,15.13
0,RDC,Bandundu,03,Kwango,0303,Kasongo-Lunda,030303,Kwango,Tembo,03030304,OMS,03030304,0303,Kwango,Tembo,3716.37407269000,101677.00000000000,27.36
0,RDC,Bandundu,03,Kwilu,0304,Idiofa,030405,Kwilu,Moanza,03040501,OMS,03040501,0304,Kwilu,Moanza,6643.33897235000,139561.00000000000,21.01
0,RDC,Bandundu,03,Kwango,0303,Kenge,030304,Kwango,Kimbau,03030403,OMS,03030403,0303,Kwango,Kimbao,4205.27839100000,140248.00000000000,33.35
0,RDC,Bandundu,03,Kwango,0303,Kenge,030304,Kwango,Kenge,03030402,OMS,03030402,0303,Kwango,Kenge,5102.74668526000,228277.00000000000,44.74
0,RDC,Bandundu,03,Kwango,0303,Kutu,030304,Kwango,Boko,03030401,OMS,03030401,0303,Kwango,Boko,9354.38104891000,168550.00000000000,18.02
0,RDC,Bandundu,03,Mai-Ndombe,0305,Kiri,030502,Mai-Ndombe,Kiri,03050201,OMS,03050201,0305,Mai-Ndombe,Kiri,8320.91848133000,90612.00000000000,10.89
0,RDC,Bandundu,03,Mai-Ndombe,0305,Kiri,030502,Mai-Ndombe,Pendjwa,03050202,OMS,03050202,0305,Mai-Ndombe,Penjwa,4292.54037600000,64876.00000000000,15.11
0,RDC,Bandundu,03,Mai-Ndombe,0305,Inongo,030501,Mai-Ndombe,Inongo,03050102,OMS,03050102,0305,Mai-Ndombe,Inongo,14785.15055490000,150464.00000000000,10.18
0,RDC,Bandundu,03,Mai-Ndombe,0305,Inongo,030501,Mai-Ndombe,Ntandembelo,03050103,OMS,03050103,0305,Mai-Ndombe,Ntandembelo,3446.76629694000,71885.00000000000,20.86
0,RDC,Bandundu,03,Mai-Ndombe,0305,Inongo,030501,Mai-Ndombe,Banjow Moke,03050101,OMS,03050101,0305,Mai-Ndombe,Banjow Moke,5785.31367373000,87872.00000000000,15.19
0,RDC,Province Orienta,05,Bas-Uele,0503,Poko,050304,Dingila,Viadana,05030402,OMS,0503B0402,0503B,Dingila,Viadana,4160.99718804000,84141.00000000000,20.22
0,RDC,Province Orienta,05,Bas-Uele,0503,Poko,050304,Dingila,Poko,05030401,OMS,0503B0401,0503B,Dingila,Poko,17823.53588040000,103821.00000000000,5.82
0,RDC,Sud Kivu,06,Sud-Kivu,0602,Mwenga,060205,SK Centre,Mwana,06020504,OMS,0602A0504,,SK Centre,Mwana,436.96681500800,107175.00000000000,245.27
0,RDC,Sud Kivu,06,Sud-Kivu,0602,Walungu,060208,SK Centre,Kaziba,06020802,OMS,0602A0802,,SK Centre,Kaziba,263.42070856800,101083.00000000000,383.73
0,RDC,Sud Kivu,06,Sud-Kivu,0602,Kabare,060203,SK Centre,Nyantende,06020304,OMS,0602A0304,,SK Centre,Nyantende,72.67367306000,78868.00000000000,1085.20
0,RDC,Sud Kivu,06,Sud-Kivu,0602,Walungu,060208,SK Centre,Nyangezi,06020804,OMS,0602A0804,,SK Centre,Nyangezi,143.57862942600,107261.00000000000,747.05
0,RDC,Sud Kivu,06,Sud-Kivu,0602,Kalehe,060204,SK Nord,Minova,06020404,OMS,0602B0404,,SK Nord,Minova,552.77790452600,168864.00000000000,305.48
0,RDC,Sud Kivu,06,Sud-Kivu,0602,Kabare,060203,SK Nord,Kabare,06020301,OMS,0602B0301,,SK Nord,Kabare,420.29572899800,162904.00000000000,387.59
0,RDC,Sud Kivu,06,Sud-Kivu,0602,Walungu,060208,SK Centre,Mubumbano,06020803,OMS,0602A0803,,SK Centre,Mubumbano,406.37068621300,145398.00000000000,357.80
0,RDC,Sud Kivu,06,Sud-Kivu,0602,Walungu,060208,SK Centre,Walungu,06020805,OMS,0602A0805,,SK Centre,Walungu,703.79456226500,214248.00000000000,304.42
0,RDC,Sud Kivu,06,Sud-Kivu,0602,Uvira,060207,SK Sud,Haut-Plateau,06020701,OMS,0602C0701,,SK Sud,Haut-Plateau,1749.31995220000,90524.00000000000,51.75
0,RDC,Province Orienta,05,Tshopo,0502,Basoko,050201,Tshopo Lomam,Basali,05020102,OMS,0502B0102,0502B,Tshopo Lomami,Basali,11606.85043620000,61392.00000000000,5.29
0,RDC,Province Orienta,05,Tshopo,0502,Basoko,050201,Tshopo Lomam,Basoko,05020101,OMS,0502B0101,0502B,Tshopo Lomami,Basoko,1624.82191028000,128856.00000000000,79.30
0,RDC,Province Orienta,05,Tshopo,0502,Banalia,050204,Tshopo Lindi,Bengamisa,05020402,OMS,0502A0402,0502A,Tshopo Lindi,Bengamisa,6465.19052547000,95771.00000000000,14.81
0,RDC,Province Orienta,05,Tshopo,0502,Isangi,050203,Tshopo Lomam,Yakusu,05020304,OMS,0502B0304,0502B,Tshopo Lomami,Yakusu,3603.81519106000,133751.00000000000,37.11
0,RDC,Province Orienta,05,Tshopo,0502,Isangi,050203,Tshopo Lomam,Yahisuli,05020303,OMS,0502B0303,0502B,Tshopo Lomami,Yahisuli,3256.65943832000,63410.00000000000,19.47
0,RDC,Province Orienta,05,Tshopo,0502,Isangi,050203,Tshopo Lomam,Yabaondo,05020302,OMS,0502B0302,0502B,Tshopo Lomami,Yabaondo,4759.66068203000,140661.00000000000,29.55
0,RDC,Province Orienta,05,Tshopo,0502,Isangi,050203,Tshopo Lomam,Isangi,05020301,OMS,0502B0301,0502B,Tshopo Lomami,Isangi,2148.74176438000,142181.00000000000,66.17
0,RDC,Province Orienta,05,Tshopo,0502,Opala,050206,Tshopo Lindi,Yaleko,05020602,OMS,0502A0602,0502A,Tshopo Lindi,Yaleko,8617.58515740000,114671.00000000000,13.31
0,RDC,Province Orienta,05,Tshopo,0502,Banalia,050204,Tshopo Lindi,Banalia,05020401,OMS,0502A0401,0502A,Tshopo Lindi,Banalia,17165.23676510000,116497.00000000000,6.79
0,RDC,Province Orienta,05,Tshopo,0502,Bafwasende,050207,Tshopo Lindi,Bafwasende,05020701,OMS,0502A0701,0502A,Tshopo Lindi,Bafwasende,17187.13071880000,65918.00000000000,3.84
0,RDC,Province Orienta,05,Tshopo,0502,Bafwasende,050207,Tshopo Lindi,Bafwagbogbo,05020703,OMS,0502A0703,0502A,Tshopo Lindi,Bafwagbogbo,8944.87729332000,57515.00000000000,6.43
0,RDC,Province Orienta,05,Bas-Uele,0503,Buta,050301,Buta,Buta,05030101,OMS,0503A0101,0503A,Buta,Buta,10886.52414450000,157074.00000000000,14.43
0,RDC,Province Orienta,05,Bas-Uele,0503,Buta,050301,Buta,Titule,05030102,OMS,0503A0102,0503A,Buta,Titule,6697.69319174000,66597.00000000000,9.94
0,RDC,Province Orienta,05,Bas-Uele,0503,Bambesa,050306,Dingila,Ganga,05030601,OMS,0503B0601,0503B,Dingila,Ganga,9915.85957423000,107583.00000000000,10.85
0,RDC,Sud Kivu,06,Bukavu,0601,Kadutu,060103,Bukavu,Kadutu,06010301,OMS,06010301,,Bukavu,Kadutu,18.09770721900,170312.00000000000,9410.60
0,RDC,Sud Kivu,06,Bukavu,0601,Bagira,060101,Bukavu,Bagira,06010101,OMS,06010101,,Bukavu,Bagira,22.14420195120,83347.00000000000,3763.80
0,RDC,Bandundu,03,Kwilu,0304,Bulungu,030402,Kwilu,Vanga,03040204,OMS,03040204,0304,Kwilu,Vanga,2153.76485631000,220125.00000000000,102.20
0,RDC,Bandundu,03,Kwilu,0304,Bulungu,030402,Kwilu,Djuma,03040202,OMS,03040202,0304,Kwilu,Djuma,2951.34250201000,168377.00000000000,57.05
0,RDC,Bandundu,03,Kwilu,0304,Bagata,030401,Kwilu,Sia,03040103,OMS,03040103,0304,Kwilu,Sia,2689.90452098000,88759.00000000000,33.00
0,RDC,Bandundu,03,Kwilu,0304,Gungu,030403,Kwilu,Mungindu,03040304,OMS,03040304,0304,Kwilu,Mungindu,2645.97734910000,98477.00000000000,37.22
0,RDC,Bandundu,03,Kwilu,0304,Idiofa,030404,Kwilu,Kimputu,03040403,OMS,03040403,0304,Kwilu,Kimputu,2639.28011860000,158944.00000000000,60.22
0,RDC,Bandundu,03,Kwilu,0304,Idiofa,030405,Kwilu,Mosango,03040503,OMS,03040503,0304,Kwilu,Mosango,1681.91082228000,90751.00000000000,53.96
0,RDC,Bandundu,03,Kwilu,0304,Idiofa,030405,Kwilu,Pay Kongila,03040504,OMS,03040504,0304,Kwilu,Pay Kongila,1467.80596795000,111583.00000000000,76.02
0,RDC,Bas-Congo,02,Matadi,0205,"MVUZI, MATADI",020501,Matadi,Matadi,02050101,OMS,02050101,0205,Matadi,Matadi,64.73354915700,166566.00000000000,2573.10
0,RDC,Bas-Congo,02,Matadi,0205,NZANZA,020502,Matadi,Nzanza,02050201,OMS,02050201,0205,Matadi,Nzanza,46.78678513590,124426.00000000000,2659.40
0,RDC,Kinshasa,01,Ndjili,0105,NDJILI,010503,Ndjili,Ndjili,01050301,Div_snis,01050301,0105,Ndjili,Ndjili,9.06414307041,234644.00000000000,25887.00
0,RDC,Kinshasa,01,Lukunga,0104,MONT NGAFULA,010404,Lukunga,Mont Ngafula I,01040401,OMS,01040401,0104,Lukunga,Mont Ngafula I,338.91185451100,185258.00000000000,546.63
0,RDC,Kinshasa,01,Ndjili,0105,KIMBANSEKE,010501,Ndjili,Biyela,01050101,Div_snis,01050101,0105,Ndjili,Biyela,90.33994162560,163987.00000000000,1815.20
0,RDC,Kinshasa,01,Ndjili,0105,KIMBANSEKE,010501,Ndjili,Kikimi,01050102,Div_snis,01050102,0105,Ndjili,Kikimi,146.04349317800,220605.00000000000,1510.50
0,RDC,Kinshasa,01,Kalamu,0103,LEMBA,010304,Kalamu,Lemba,01030401,OMS,01030401,0103,Kalamu,Lemba,13.82215186230,234639.00000000000,16975.00
0,RDC,Kinshasa,01,Kalamu,0103,MATETE,010305,Kalamu,Matete,01030501,OMS,01030501,0103,Kalamu,Matete,4.73164341977,210119.00000000000,44407.00
0,RDC,Kinshasa,01,Kalamu,0103,KISENSO,010303,Kalamu,Kisenso,01030301,OMS,01030301,0103,Kalamu,Kisenso,15.62257339480,298690.00000000000,19119.00
0,RDC,Kinshasa,01,Gombe,0102,LINGWALA,010204,Gombe,Lingwala,01020401,OMS,01020401,0102,Gombe,Lingwala,2.63058854924,62681.00000000000,23827.00
0,RDC,Kinshasa,01,Gombe,0102,BARUMBU,010201,Gombe,Barumbu,01020101,OMS,01020101,0102,Gombe,Barumbu,4.23134414891,110651.00000000000,26150.00
0,RDC,Kinshasa,01,Gombe,0102,KINSHASA,010203,Gombe,Kinshasa,01020301,OMS,01020301,0102,Gombe,Kinshasa,3.01860625500,121128.00000000000,40127.00
0,RDC,Kinshasa,01,Kalamu,0103,LIMETE,010302,Kalamu,Limete,01030202,OMS,01030202,0103,Kalamu,Limete,12.43173290360,136784.00000000000,11002.00
0,RDC,Kinshasa,01,Kalamu,0103,KALAMU,010301,Kalamu,Kalamu II,01030102,OMS,01030102,0103,Kalamu,Kalamu II,2.46575076923,94858.00000000000,38470.00
0,RDC,Kinshasa,01,Kalamu,0103,KALAMU,010301,Kalamu,Kalamu I,01030101,OMS,01030101,0103,Kalamu,Kalamu I,3.52074227595,106273.00000000000,30184.00
0,RDC,Kinshasa,01,Funa,0101,BUMBU,010101,Funa,Bumbu,01010101,OMS,01010101,0101,Funa,Bumbu,4.36313806680,272690.00000000000,62498.00
0,RDC,Kinshasa,01,Funa,0101,MAKALA,010103,Funa,Makala,01010301,OMS,01010301,0101,Funa,Makala,5.16870679491,226555.00000000000,43832.00
0,RDC,Kinshasa,01,Kalamu,0103,NGABA,010306,Kalamu,Ngaba,01030601,OMS,01030601,0103,Kalamu,Ngaba,2.79459998752,132578.00000000000,47440.00
0,RDC,Kinshasa,01,Lukunga,0104,BANDALUNGWA,010401,Lukunga,Bandalungwa,01040101,OMS,01040101,0104,Lukunga,Bandalungwa,5.91407634827,133623.00000000000,22594.00
0,RDC,Kinshasa,01,Lukunga,0104,SELEMBAO,010405,Lukunga,Selembao,01040501,Div_snis,01040501,0104,Lukunga,Selembao,20.17726151150,256442.00000000000,12709.00
0,RDC,Kinshasa,01,Gombe,0102,GOMBE,010202,Gombe,Gombe,01020201,OMS,01020201,0102,Gombe,Gombe,12.69603799660,22936.00000000000,1806.50
0,RDC,Kinshasa,01,Ndjili,0105,MASINA,010502,Ndjili,Masina II,01050202,Div_snis,01050202,0105,Ndjili,Masina II,33.56891423860,201639.00000000000,6006.70
0,RDC,Kinshasa,01,Ndjili,0105,MASINA,010502,Ndjili,Masina I,01050201,Div_snis,01050201,0105,Ndjili,Masina I,14.50943499480,247010.00000000000,17024.00
0,RDC,Kinshasa,01,Lukunga,0104,KINTAMBO,010403,Lukunga,Kintambo,01040301,OMS,01040301,0104,Lukunga,Kintambo,3.99959485860,124549.00000000000,31140.00
0,RDC,Kinshasa,01,Funa,0101,KASA-VUBU,010102,Funa,Kasa-Vubu,01010201,OMS,01010201,0101,Funa,Kasa-Vubu,3.80260194121,100180.00000000000,26345.00
0,RDC,Kinshasa,01,Funa,0101,NGIRI-NGIRI,010104,Funa,Ngiri-Ngiri,01010401,OMS,01010401,0101,Funa,Ngiri-Ngiri,3.03366705638,119541.00000000000,39404.00
0,RDC,Kinshasa,01,Lukunga,0104,Ngaliema,010402,Lukunga,Binza Meteo,01040201,OMS,01040201,0104,Lukunga,Binza Meteo,47.98526688340,306305.00000000000,6383.30
0,RDC,Kinshasa,01,Lukunga,0104,Ngaliema,010402,Lukunga,Binza Ozone,01040202,OMS,01040202,0104,Lukunga,Binza Ozone,20.56863213770,286486.00000000000,13928.00
0,RDC,Bandundu,03,Kwilu,0304,Bagata,030401,Kwilu,Kikongo,03040102,OMS,03040102,0304,Kwilu,Kikongo,6236.72921501000,137308.00000000000,22.02
0,RDC,Kinshasa,01,Lukunga,0104,MONT NGAFULA,010404,Lukunga,Mont Ngafula II,01040402,OMS,01040402,0104,Lukunga,Mont Ngafula II,119.93538228800,105341.00000000000,878.31
0,RDC,Bas-Congo,02,Lukaya,0204,KASANGULU,020401,Lukaya,Sona-Bata,02040102,OMS,02040102,0204,Lukaya,Sona-Bata,3232.06074751000,95312.00000000000,29.49
0,RDC,Kinshasa,01,Nsele,0106,NSELE,010602,Nsele,Nsele,01060201,OMS,01060201,0106,Nsele,Nsele,827.17469022800,128211.00000000000,155.00
0,RDC,Katanga,09,Kolwezi,0903,MUTSHATSHA,090304,Kolwezi,Lualaba,09030402,OMS,09030402,0903,Kolwezi,Lualaba,7853.04199323000,86428.00000000000,11.01
76,RDC,Kasai Occidental,10,Tshikapa,1002,KANZALA,100203,Tshikapa,Kanzala,10020301,OMS,10020301,,Tshikapa,Kanzala,61.88156034560,202463.00000000000,3271.70
76,RDC,Kasai Occidental,10,Tshikapa,1002,DIBUMBA,100201,Tshikapa,Tshikapa,10020101,OMS,10020101,,Tshikapa,Tshikapa,33.01856304010,307388.00000000000,9309.50
0,RDC,Kinshasa,01,Ndjili,0105,KIMBANSEKE,010501,Ndjili,Kingasani,01050104,Div_snis,01050104,0105,Ndjili,Kingasani,9.40315998806,144909.00000000000,15410.00
0,RDC,Kinshasa,01,Ndjili,0105,KIMBANSEKE,010501,Ndjili,Kimbanseke,01050103,Div_snis,01050103,0105,Ndjili,Kimbanseke,17.81902159460,204851.00000000000,11496.00
0,RDC,Equateur,04,SUD-UBANGI,0406,GEMENA,040602,Sud-Ubangi,Bwamanda,04060203,OMS,04060203,0406,Sud-Ubangi,Bwamanda,3380.71941693000,193516.00000000000,57.24
0,RDC,Equateur,04,SUD-UBANGI,0406,KUNGU,040603,Sud-Ubangi,Kungu,04060303,OMS,04060303,0406,Sud-Ubangi,Kungu,4339.02994703000,185467.00000000000,42.74
0,RDC,Equateur,04,EQUATEUR,0402,BOLOMBA,040203,Equateur,Lolanga Mampoko,04020302,OMS,04020302,0402,Equateur,Mampoko,5218.20390811000,77321.00000000000,14.82
0,RDC,Equateur,04,EQUATEUR,0402,BIKORO,040202,Equateur,Ntondo,04020203,OMS,04020203,0402,Equateur,Ntondo,3566.78458569000,53204.00000000000,14.92
0,RDC,Equateur,04,EQUATEUR,0402,BIKORO,040202,Equateur,Iboko,04020202,OMS,04020202,0402,Equateur,Iboko,3031.26397964000,80027.00000000000,26.40
0,RDC,Equateur,04,EQUATEUR,0402,INGENDE,040205,Equateur,Ingende,04020501,OMS,04020501,0402,Equateur,Ingende,4833.07489324000,122404.00000000000,25.33
0,RDC,Equateur,04,Mbandaka,0401,WANGATA,040102,Mbandaka,Bolenge,04010201,OMS,04010201,0401,Mbandaka,Bolenge,310.72814984000,71495.00000000000,230.09
0,RDC,Equateur,04,EQUATEUR,0402,BOLOMBA,040203,Equateur,Monieka,04020303,OMS,04020303,0402,Equateur,Monieka,5930.54952270000,,
0,RDC,Equateur,04,EQUATEUR,0402,INGENDE,040205,Equateur,Lotumbe,04020502,OMS,04020502,0402,Equateur,Motumbe,12120.91864350000,100171.00000000000,8.26
0,RDC,Equateur,04,EQUATEUR,0402,BOLOMBA,040203,Equateur,Bolomba,04020301,OMS,04020301,0402,Equateur,Bolomba,12498.52726580000,227832.00000000000,18.23
0,RDC,Equateur,04,TSHUAPA,0404,BOENDE,040402,Tshuapa,Boende,04040201,OMS,04040201,0404,Tshuapa,Boende,10645.97125620000,61136.00000000000,5.74
0,RDC,Equateur,04,TSHUAPA,0404,BOENDE,040402,Tshuapa,Wema,04040202,OMS,04040202,0404,Tshuapa,Wema,7962.91438025000,91079.00000000000,11.44
0,RDC,Equateur,04,TSHUAPA,0404,BOKUNGU,040403,Tshuapa,Bosanga,04040302,OMS,04040302,0404,Tshuapa,Bosanga,4175.65574153000,71278.00000000000,17.07
0,RDC,Equateur,04,TSHUAPA,0404,BOKUNGU,040403,Tshuapa,Bokungu,04040301,OMS,04040301,0404,Tshuapa,Bokungu,8101.79660329000,130331.00000000000,16.09
0,RDC,Equateur,04,TSHUAPA,0404,BEFALE,040401,Tshuapa,Mompono,04040102,OMS,04040102,0404,Tshuapa,Mompono,5031.53313202000,112376.00000000000,22.33
0,RDC,Equateur,04,NORD UBANGI,0405,BUSINGA,040502,Nord-Ubangi,Loko,04050203,OMS,04050203,0405,Nord-Ubangi,Loko,5052.75994674000,111220.00000000000,22.01
0,RDC,Equateur,04,SUD-UBANGI,0406,BUDJALA,040601,Sud-Ubangi,Bangabola,04060101,OMS,04060101,0406,Sud-Ubangi,Bangabola,2483.42242265000,95617.00000000000,38.50
0,RDC,Equateur,04,MONGALA,0403,BONGANDANGA,040301,Mongala,Bosomondanda,04030102,OMS,04030102,0403,Mongala,Boso Mondanda,3495.45080364000,121572.00000000000,34.78
0,RDC,Equateur,04,SUD-UBANGI,0406,BUDJALA,040601,Sud-Ubangi,Budjala,04060102,OMS,04060102,0406,Sud-Ubangi,Budjala,4560.71641625000,103542.00000000000,22.70
0,RDC,Equateur,04,MONGALA,0403,LISALA,040303,Mongala,Binga,04030301,OMS,04030301,0403,Mongala,Binga,4675.43289748000,233716.00000000000,49.99
0,RDC,Equateur,04,EQUATEUR,0402,BOMONGO,040204,Equateur,Makanza,04020403,OMS,04020403,0402,Equateur,Makanza,7042.15185238000,96537.00000000000,13.71
0,RDC,Equateur,04,MONGALA,0403,BUMBA,040302,Mongala,Yamaluka,04030203,OMS,04030203,0403,Mongala,Yamaluka,4234.99006820000,109208.00000000000,25.79
0,RDC,Equateur,04,MONGALA,0403,LISALA,040303,Mongala,Bosomanzi,04030302,OMS,04030302,0403,Mongala,Boso Manzi,5772.28075152000,116782.00000000000,20.23
0,RDC,Equateur,04,NORD UBANGI,0405,BUSINGA,040502,Nord-Ubangi,Karawa,04050202,OMS,04050202,0405,Nord-Ubangi,Karawa,4003.07623020000,205044.00000000000,51.22
0,RDC,Equateur,04,SUD-UBANGI,0406,GEMENA,040602,Sud-Ubangi,Bominenge,04060202,OMS,04060202,0406,Sud-Ubangi,Bominenge,2282.80463470000,132693.00000000000,58.13
0,RDC,Equateur,04,SUD-UBANGI,0406,GEMENA,040602,Sud-Ubangi,Gemena,04060204,OMS,04060204,0406,Sud-Ubangi,Gemena,1782.95652660000,285072.00000000000,159.89
0,RDC,Equateur,04,SUD-UBANGI,0406,BUDJALA,040601,Sud-Ubangi,Mbaya,04060104,OMS,04060104,0406,Sud-Ubangi,Mbaya,2807.78303545000,56230.00000000000,20.03
0,RDC,Equateur,04,SUD-UBANGI,0406,BUDJALA,040601,Sud-Ubangi,Bulu,04060103,OMS,04060103,0406,Sud-Ubangi,Bulu,1824.44237427000,113863.00000000000,62.41
0,RDC,Equateur,04,SUD-UBANGI,0406,GEMENA,040602,Sud-Ubangi,Tandala,04060205,OMS,04060205,0406,Sud-Ubangi,Tandala,1839.89605433000,232633.00000000000,126.44
0,RDC,Maniema,07,Maniema,0702,KIBOMBO,070204,MN Sud,Kibombo,07020401,OMS,0702C0701,0702C,Maniema Sud,Kibombo,12587.50042490000,62408.00000000000,4.96
0,RDC,Maniema,07,Kindu,0701,KASUKU ET MIKELENGE,070102,Kindu,Kindu,07010201,OMS,07010201,0701,Kindu,Kindu,243.52632347400,158772.00000000000,651.97
0,RDC,Maniema,07,Kindu,0701,ALUNGULI,070101,Kindu,Alunguli,07010101,OMS,07010101,0701,Kindu,Alunguli,71.26781608400,69462.00000000000,974.66
0,RDC,Kinshasa,01,Lukunga,0104,SELEMBAO,010401,Lukunga,Kokolo,01040102,OMS,01040102,0104,Lukunga,Kokolo,1.26180117943,208764.00000000000,165449.00
0,RDC,Kinshasa,01,Gombe,0102,LINGWALA,010204,Gombe,Police,01020402,OMS,01020402,0102,Gombe,Police,0.08324213127,93161.00000000000,111915.00
0,RDC,Province Orienta,05,Kisangani,0501,Makiso,050105,Kisangani,Makiso-Kisangani,05010501,Div_snis,05010501,0501,Kisangani,Makiso-Kisangani,500.69183981900,154977.00000000000,309.53
0,RDC,Province Orienta,05,Kisangani,0501,Mangobo,050101,Kisangani,Mangobo,05010101,Div_snis,05010101,0501,Kisangani,Mangobo,108.65954533500,156066.00000000000,1436.20
0,RDC,Province Orienta,05,Kisangani,0501,Kabondo,050103,Kisangani,Kabondo,05010301,Div_snis,05010301,0501,Kisangani,Kabondo,265.73871235700,136214.00000000000,512.59
0,RDC,Province Orienta,05,Kisangani,0501,Tshopo,050104,Kisangani,Tshopo,05010401,Div_snis,05010401,0501,Kisangani,Tshopo,435.02454728300,110146.00000000000,253.19
0,RDC,Katanga,09,Lualaba,0905,DILOLO,090502,Lualaba,Kafakumba,09050201,OMS,09050301,0905,Lualaba,Kafakumba,10905.38833000000,80084.00000000000,7.34
0,RDC,Katanga,09,Haut Lomami,0902,KANIAMA,090204,Haut Lomami,Kaniama,09020401,OMS,09020401,0902,Haut-Lomami,Kaniama,13815.42292680000,239947.00000000000,17.37
0,RDC,Katanga,09,Tanganika,0907,KALEMIE,090702,Tanganika,Kalemie,09070201,OMS,09070201,0907,Tanganika,Kalemie,12963.22795530000,225704.00000000000,17.41
0,RDC,Katanga,09,Tanganika,0907,MOBA,090705,Tanganika,Kansimba,09070501,OMS,09070501,0907,Tanganika,Kansimba,9705.86137674000,138846.00000000000,14.31
0,RDC,Katanga,09,Haut Katanga,0901,PWETO,090104,Haut Katanga,Pweto,09010402,OMS,09010502,0901,Haut-Katanga,Pweto,9442.37600409000,174183.00000000000,18.45
0,RDC,Katanga,09,Haut Lomami,0902,BUKAMA,090201,Haut Lomami,Butumba,09020102,OMS,09020102,0902,Haut-Lomami,Butumba,5611.30507171000,160872.00000000000,28.67
0,RDC,Katanga,09,Haut Lomami,0902,BUKAMA,090201,Haut Lomami,Kinkondja,09020104,OMS,09020104,0902,Haut-Lomami,Kinkondja,4550.75815399000,205854.00000000000,45.24
0,RDC,Katanga,09,Haut Katanga,0901,KASENGA,090102,Haut Katanga,Lukafu,09010202,OMS,09010202,0901,Haut-Katanga,Lukafu,7645.26469952000,76161.00000000000,9.96
0,RDC,Katanga,09,Haut Katanga,0901,MITWABA,090105,Likasi,Mufunga Sampwe,09010503,OMS,09010302,0901,Haut-Katanga,Mufunga,10752.69202750000,,
0,RDC,Katanga,09,Haut Katanga,0901,PWETO,090104,Haut Katanga,Kilwa,09010401,OMS,09010501,0901,Haut-Katanga,Kilwa,12979.23858050000,73079.00000000000,5.63
0,RDC,Katanga,09,Haut Lomami,0902,KAMINA,090203,Haut Lomami,Baka,09020301,OMS,09020301,0902,Haut-Lomami,Baka,7288.33955783000,25231.00000000000,3.46
0,RDC,Katanga,09,Tanganika,0907,MANONO,090704,Tanganika,Kiyambi,09070402,OMS,09070402,0907,Tanganika,Kiyambi,16517.06249160000,134032.00000000000,8.11
0,RDC,Katanga,09,Tanganika,0907,MANONO,090704,Tanganika,Manono,09070403,OMS,09070403,0907,Tanganika,Manono,9518.23014861000,224897.00000000000,23.63
0,RDC,Katanga,09,Likasi,0904,KIKULA,090401,Likasi,Kikula,09040101,OMS,09040101,0904,Likasi,Kikula,1210.62310715000,173394.00000000000,143.23
0,RDC,Katanga,09,Haut Katanga,0901,KAMBOVE,090101,Likasi,Kapolowe,09010102,OMS,09010102,0901,Haut-Katanga,Kapolowe,4197.66960401000,124738.00000000000,29.72
0,RDC,Katanga,09,Likasi,0904,LIKASI,090402,Likasi,Likasi,09040201,OMS,09040201,0904,Likasi,Likasi,944.28094384400,93623.00000000000,99.15
0,RDC,Katanga,09,Likasi,0904,PANDA,090403,Likasi,Panda,09040301,OMS,09040301,0904,Likasi,Panda,841.63321029100,66002.00000000000,78.42
0,RDC,Katanga,09,Kolwezi,0903,LUBUDI,090302,Kolwezi,Fungurume,09030202,OMS,09030202,0903,Kolwezi,Fungurume,3617.79036982000,99129.00000000000,27.40
0,RDC,Maniema,07,Maniema,0702,KASONGO,070203,MN Sud,Samba,07020303,OMS,0702C0503,0702C,Maniema Sud,Samba,7334.30113078000,,
0,RDC,Maniema,07,Maniema,0702,KASONGO,070203,MN Sud,Kasongo,07020301,OMS,0702C0501,0702C,Maniema Sud,Kasongo,5553.69780206000,104655.00000000000,18.84
0,RDC,Maniema,07,Maniema,0702,KASONGO,070203,MN Sud,Kunda,07020302,OMS,0702C0502,0702C,Maniema Sud,Kunda,3752.66004239000,68702.00000000000,18.31
0,RDC,Sud Kivu,06,Sud-Kivu,0602,Shabunda,060206,SK Ouest,Mulungu,06020603,OMS,0602D0603,,SK Ouest,Mulungu,8215.83380157000,123897.00000000000,15.08
0,RDC,Sud Kivu,06,Sud-Kivu,0602,Walungu,060208,SK Centre,Kaniola,06020801,OMS,0602A0801,,SK Centre,Kaniola,1329.94684581000,149325.00000000000,112.28
0,RDC,Sud Kivu,06,Sud-Kivu,0602,Kalehe,060204,SK Nord,Kalonge,06020402,OMS,0602B0402,,SK Nord,Kalonge,901.89528730900,127220.00000000000,141.06
0,RDC,Sud Kivu,06,Sud-Kivu,0602,Kabare,060203,SK Nord,Miti-Murhesa,06020303,OMS,0602B0303,,SK Nord,Miti-Murhesa,274.91985792800,174386.00000000000,634.32
0,RDC,Sud Kivu,06,Sud-Kivu,0602,Kalehe,060204,SK Nord,Bunyakiri,06020401,OMS,0602B0401,,SK Nord,Bunyakiri,1615.07770121000,129254.00000000000,80.03
0,RDC,Sud Kivu,06,Sud-Kivu,0602,Kalehe,060204,SK Nord,Kalehe,06020403,OMS,0602B0403,,SK Nord,Kalehe,844.60469530000,140824.00000000000,166.73
0,RDC,Sud Kivu,06,Sud-Kivu,0602,Uvira,060207,SK Sud,Uvira,06020704,OMS,0602C0704,,SK Sud,Uvira,414.35174389200,236147.00000000000,569.92
0,RDC,Sud Kivu,06,Sud-Kivu,0602,Mwenga,060205,SK Ouest,Kitutu,06020503,OMS,0602D0503,,SK Ouest,Kitutu,2448.83834306000,111955.00000000000,45.72
0,RDC,Sud Kivu,06,Sud-Kivu,0602,Mwenga,060205,SK Ouest,Kamituga,06020502,OMS,0602D0502,,SK Ouest,Kamituga,2236.48371612000,134284.00000000000,60.04
0,RDC,Sud Kivu,06,Sud-Kivu,0602,Mwenga,060205,SK Ouest,Mwenga,06020505,OMS,0602D0505,,SK Ouest,Mwenga,2509.51258037000,108193.00000000000,43.11
0,RDC,Sud Kivu,06,Sud-Kivu,0602,Mwenga,060205,SK Sud,Itombwe,06020501,OMS,0602C0501,,SK Sud,Itombwe,3474.05454340000,74295.00000000000,21.39
0,RDC,Sud Kivu,06,Sud-Kivu,0602,Fizi,060201,SK Sud,Minembwe,06020103,OMS,0602C0103,,SK Sud,Minembwe,1402.57498383000,68944.00000000000,49.16
0,RDC,Sud Kivu,06,Sud-Kivu,0602,Fizi,060201,SK Sud,Nundu,06020104,OMS,0602C0104,,SK Sud,Nundu,1241.57974222000,184999.00000000000,149.00
0,RDC,Sud Kivu,06,Sud-Kivu,0602,Uvira,060207,SK Sud,Ruzizi,06020703,OMS,0602C0703,,SK Sud,Ruzizi,473.98227774800,136376.00000000000,287.72
0,RDC,Sud Kivu,06,Sud-Kivu,0602,Uvira,060207,SK Sud,Lemera,06020702,OMS,0602C0702,,SK Sud,Lemera,722.51261527300,137781.00000000000,190.70
0,RDC,Maniema,07,Maniema,0702,KABAMBARE,070201,MN Sud,Saramabila,07020103,OMS,0702C0603,0702C,Maniema Sud,Saramabila,4384.40971534000,,
0,RDC,Maniema,07,Maniema,0702,PANGI,070206,MN Centre,Kampene,07020602,OMS,0702A0202,0702A,Maniema Centre,Kampene,5947.74960233000,160592.00000000000,27.00
0,RDC,Katanga,09,Tanganika,0907,KALEMIE,090702,Tanganika,Nyemba,09070202,OMS,09070202,0907,Tanganika,Nyemba,8191.59837421000,171499.00000000000,20.94
0,RDC,Sud Kivu,06,Sud-Kivu,0602,Fizi,060201,SK Sud,Fizi,06020101,OMS,0602C0101,,SK Sud,Fizi,5238.21634479000,242864.00000000000,46.36
0,RDC,Katanga,09,Tanganika,0907,NYUNZU,090706,Tanganika,Nyunzu,09070601,OMS,09070601,0907,Tanganika,Nyunzu,15741.37929380000,189646.00000000000,12.05
0,RDC,Sud Kivu,06,Sud-Kivu,0602,Fizi,060201,SK Sud,Kimbi Lulenge,06020102,OMS,0602C0102,,SK Sud,Kimbi Lulenge,3817.36711448000,166245.00000000000,43.55
0,RDC,Maniema,07,Maniema,0702,KABAMBARE,070201,MN Sud,Kabambare,07020101,OMS,0702C0601,0702C,Maniema Sud,Kabambare,10325.39085540000,124141.00000000000,12.02
0,RDC,Maniema,07,Maniema,0702,PANGI,070206,MN Centre,Pangi,07020603,OMS,0702A0203,0702A,Maniema Centre,Pangi,4484.42173768000,126866.00000000000,28.29
0,RDC,Maniema,07,Maniema,0702,PANGI,070206,MN Centre,Kalima,07020601,OMS,0702A0201,0702A,Maniema Centre,Kalima,3981.38885868000,101472.00000000000,25.49
0,RDC,Equateur,04,NORD UBANGI,0405,YAKOMA,040503,Nord-Ubangi,Wasolo,04050303,OMS,04050503,0405,Nord-Ubangi,Wasolo,6268.63368954000,,
0,RDC,Province Orienta,05,Tshopo,0502,Basoko,050201,Tshopo Lomam,Yalimbongo,05020103,OMS,0502B0103,0502B,Tshopo Lomami,Yalimbongo,9445.36122160000,73106.00000000000,7.74
0,RDC,Province Orienta,05,Bas-Uele,0503,Aketi,050302,Buta,Aketi,05030201,OMS,0503A0201,0503A,Buta,Aketi,14251.63736900000,113575.00000000000,7.97
0,RDC,Equateur,04,MONGALA,0403,BUMBA,040302,Mongala,Lolo,04030202,OMS,04030202,0403,Mongala,Lolo,2773.35498778000,123824.00000000000,44.65
0,RDC,Equateur,04,MONGALA,0403,BUMBA,040302,Mongala,Yamongili,04030205,OMS,04030205,0403,Mongala,Yamongili,1958.37397299000,125521.00000000000,64.09
0,RDC,Equateur,04,NORD UBANGI,0405,YAKOMA,040503,Nord-Ubangi,Abuzi,04050301,OMS,04050501,0405,Nord-Ubangi,Abuzi,6180.76476588000,120577.00000000000,19.51
0,RDC,Equateur,04,MONGALA,0403,BUMBA,040302,Mongala,Yambuku,04030204,OMS,04030204,0403,Mongala,Yambuku,5536.52252950000,231647.00000000000,41.84
0,RDC,Equateur,04,NORD UBANGI,0405,YAKOMA,040503,Nord-Ubangi,Wapinda,04050302,OMS,04050502,0405,Nord-Ubangi,Wapinda,1810.03158166000,,
0,RDC,Equateur,04,MONGALA,0403,BONGANDANGA,040301,Mongala,Bosondjo,04030103,OMS,04030103,0403,Mongala,Bosondjo,4030.44711433000,199002.00000000000,49.37
0,RDC,Equateur,04,MONGALA,0403,BUMBA,040302,Mongala,Bumba,04030201,OMS,04030201,0403,Mongala,Bumba,1430.62438963000,176188.00000000000,123.15
0,RDC,Equateur,04,TSHUAPA,0404,DJOLU,040404,Tshuapa,Lingomo,04040402,OMS,04040402,0404,Tshuapa,Lingomo,8228.79474017000,100274.00000000000,12.19
0,RDC,Equateur,04,TSHUAPA,0404,IKELA,040405,Tshuapa,Mondombe,04040502,OMS,04040502,0404,Tshuapa,Mondombe,7737.61017252000,111906.00000000000,14.46
0,RDC,Equateur,04,TSHUAPA,0404,DJOLU,040404,Tshuapa,Djolu,04040401,OMS,04040401,0404,Tshuapa,Djolu,10623.34858680000,180600.00000000000,17.00
0,RDC,Province Orienta,05,Tshopo,0502,Bafwasende,050207,Tshopo Lindi,Opienge,05020702,OMS,0502A0702,0502A,Tshopo Lindi,Opienge,22685.66113670000,53481.00000000000,2.36
0,RDC,Maniema,07,Maniema,0702,LUBUTU,070205,MN Nord,Obokote,07020502,OMS,0702B0302,0702B,Maniema Nord,Obokote,5352.71139452000,231515.00000000000,43.25
0,RDC,Province Orienta,05,Tshopo,0502,Ubundu,050205,Tshopo Lindi,Lowa,05020501,OMS,0502A0501,0502A,Tshopo Lindi,Lowa,15034.95443220000,106527.00000000000,7.09
0,RDC,Province Orienta,05,Tshopo,0502,Ubundu,050205,Tshopo Lindi,Wanierukula,05020503,OMS,0502A0503,0502A,Tshopo Lindi,Wanierukula,14311.96719340000,75761.00000000000,5.29
0,RDC,Maniema,07,Maniema,0702,LUBUTU,070205,MN Nord,Lubutu,07020501,OMS,0702B0301,0702B,Maniema Nord,Lubutu,10559.44868830000,184425.00000000000,17.47
0,RDC,Bandundu,03,Kwango,0303,Kasongo Lunda,030303,Kwango,Kitenda,03030302,OMS,03030302,0303,Kwango,Kitenda,5506.46212916000,85462.00000000000,15.52
0,RDC,Bandundu,03,Kwango,0303,Kasongo-Lunda,030303,Kwango,Kasongo Lunda,03030301,OMS,03030301,0303,Kwango,Kasongo Lunda,2954.34778557000,126398.00000000000,42.78
0,RDC,Bandundu,03,Kwango,0303,Popokabaka,030305,Kwango,Popokabaka,03030501,OMS,03030501,0303,Kwango,Popokabaka,6281.68398914000,146025.00000000000,23.25
0,RDC,Bas-Congo,02,Lukaya,0204,Kimvula,020402,Lukaya,Kimvula,02040201,OMS,02040201,0204,Lukaya,Kimvula,3871.91497208000,67468.00000000000,17.42
0,RDC,Kinshasa,01,Nsele,0106,MALUKU,010601,Nsele,Maluku I,01060101,OMS,01060101,0106,Nsele,Maluku II,5426.97665508000,133083.00000000000,24.52
0,RDC,Bas-Congo,02,Cataractes,0203,SONGOLOLO,020303,Cataractes,Kimpese,02030301,OMS,02030301,0203,Cataractes,Kimpese,3579.41598519000,152426.00000000000,42.58
0,RDC,Bas-Congo,02,Cataractes,0203,SONGOLOLO,020303,Cataractes,Nsona Mpangu,02030302,OMS,02030302,0203,Cataractes,Nsona-Mpangu,4534.47185540000,97517.00000000000,21.51
0,RDC,Bas-Congo,02,Bas-Fleuve,0201,LUKULA,020101,Bas-Fleuve,Kangu,02010101,OMS,02010101,0201,Bas-Fleuve,Kangu,1355.19658383000,92254.00000000000,68.07
0,RDC,Bas-Congo,02,Bas-Fleuve,0201,TSHELA,020103,Bas-Fleuve,Kuimba,02010303,OMS,02010303,0201,Bas-Fleuve,Kuimba,650.03373807000,85231.00000000000,131.12
0,RDC,Bas-Congo,02,Bas-Fleuve,0201,TSHELA,020103,Bas-Fleuve,Kinkonzi,02010301,OMS,02010301,0201,Bas-Fleuve,Kinkonzi,1072.59371790000,61619.00000000000,57.45
0,RDC,Bas-Congo,02,Cataractes,0203,LUOZI,020301,Cataractes,Mangembo,02030103,OMS,02030103,0203,Cataractes,Mangembo,2292.36573153000,64472.00000000000,28.12
0,RDC,Bas-Congo,02,Cataractes,0203,MBANZA NGUNGU,020302,Cataractes,Gombe-Matadi,02030202,OMS,02030202,0203,Cataractes,Gombe-Matadi,2734.78939100000,91431.00000000000,33.43
0,RDC,Bas-Congo,02,Lukaya,0204,KASANGULU,020401,Lukaya,Masa,02040101,OMS,02040101,0204,Lukaya,Masa,584.68566550300,90600.00000000000,154.96
0,RDC,Equateur,04,Equateur,0402,LUKOLELA,040206,Equateur,Irebu,04020602,OMS,04020602,0402,Equateur,Irebu,1057.02399075000,30307.00000000000,28.67
0,RDC,Equateur,04,Equateur,0402,BIKORO,040202,Equateur,Bikoro,04020201,OMS,04020201,0402,Equateur,Bikoro,5284.91492240000,124608.00000000000,23.58
0,RDC,Equateur,04,Equateur,0402,LUKOLELA,040206,Equateur,Lukolela,04020601,OMS,04020601,0402,Equateur,Lukolela,7486.62554536000,119462.00000000000,15.96
0,RDC,Equateur,04,SUD-UBANGI,0406,KUNGU,040603,Sud-Ubangi,Bokonzi,04060301,OMS,04060301,0406,Sud-Ubangi,Bokonzi,6398.41372609000,172523.00000000000,26.96
0,RDC,Equateur,04,Equateur,0402,BOMONGO,040204,Equateur,Bomongo,04020401,OMS,04020401,0402,Equateur,Bomongo,10790.87751190000,94260.00000000000,8.74
0,RDC,Equateur,04,Equateur,0402,BOMONGO,040204,Equateur,Lilanga Bobangi,04020402,OMS,04020402,0402,Equateur,Lilanga Bobangi,5851.35508347000,71039.00000000000,12.14
0,RDC,Equateur,04,SUD-UBANGI,0406,LIBENGE,040604,Sud-Ubangi,Mawuya,04060402,OMS,04060402,0406,Sud-Ubangi,Mawuya,3590.10963446000,131043.00000000000,36.50
0,RDC,Equateur,04,ZONGO,0408,ZONGO,040801,Zongo,Zongo,04080101,OMS,04070101,0407,Zongo,Zongo,765.78092771800,,
0,RDC,Equateur,04,SUD-UBANGI,0406,LIBENGE,040604,Sud-Ubangi,Libenge,04060401,OMS,04060401,0406,Sud-Ubangi,Libenge,9132.40354940000,183229.00000000000,20.06
0,RDC,Equateur,04,NORD UBANGI,0405,BOSOBOLO,040501,Nord-Ubangi,Bili,04050101,OMS,04050101,0405,Nord-Ubangi,Bili,5736.12999854000,127556.00000000000,22.24
0,RDC,Equateur,04,GBADOLITE,0407,GBADOLITE,040701,Nord-Ubangi,Gbadolite,04070101,OMS,04050301,0405,Nord-Ubangi,Gbadolite,1259.58943000000,58178.00000000000,46.19
0,RDC,Equateur,04,NORD UBANGI,0405,MOBAYI MBONGO,040504,Nord-Ubangi,Mobayi Mbongo,04050401,OMS,04050401,0405,Nord-Ubangi,Mobayi Mbongo,8598.71061863000,92694.00000000000,10.78
0,RDC,Equateur,04,NORD UBANGI,0405,YAKOMA,040503,Nord-Ubangi,Yakoma,04050304,OMS,04050504,0405,Nord-Ubangi,Yakoma,2055.41998998000,,
0,RDC,Province Orienta,05,Bas-Uele,0503,Bondo,050303,Buta,Monga,05030303,OMS,0503A0303,0503A,Buta,Monga,7758.81419320000,66235.00000000000,8.54
0,RDC,Province Orienta,05,Bas-Uele,0503,Bondo,050303,Buta,Bondo,05030301,OMS,0503A0301,0503A,Buta,Bondo,8865.86055158000,89624.00000000000,10.11
0,RDC,Province Orienta,05,Bas-Uele,0503,Bondo,050303,Buta,Bili,05030302,OMS,0503A0302,0503A,Buta,Bili,21219.58809750000,55821.00000000000,2.63
0,RDC,Province Orienta,05,Bas-Uele,0503,Ango,050305,Dingila,Ango,05030501,OMS,0503B0501,0503B,Dingila,Ango,34522.94636930000,89742.00000000000,2.60
0,RDC,Katanga,09,Haut Katanga,0901,KASENGA,090102,Haut Katanga,Kasenga,09010201,OMS,09010201,0901,Haut-Katanga,Kasenga,14404.25715350000,130836.00000000000,9.08
0,RDC,Sud Kivu,06,Sud-Kivu,0602,Shabunda,060206,SK Ouest,Shabunda,06020604,OMS,0602D0604,,SK Ouest,Shabunda,5053.73473516000,121919.00000000000,24.12
0,RDC,Sud Kivu,06,Sud-Kivu,0602,Shabunda,060206,SK Ouest,Lulingu,06020602,OMS,0602D0602,,SK Ouest,Lulingu,3849.93160691000,135156.00000000000,35.11
0,RDC,Province Orienta,05,Tshopo,0502,Opala,050206,Tshopo Lindi,Opala,05020601,OMS,0502A0601,0502A,Tshopo Lindi,Opala,17835.87454980000,116337.00000000000,6.52
0,RDC,Equateur,04,TSHUAPA,0404,BOKUNGU,040403,Tshuapa,Yalifafo,04040303,OMS,04040303,0404,Tshuapa,Yalifafu,8031.57389227000,139548.00000000000,17.37
0,RDC,Equateur,04,TSHUAPA,0404,MONKOTO,040406,Tshuapa,Monkoto,04040601,OMS,04040601,0404,Tshuapa,Monkoto,35820.60888340000,97338.00000000000,2.72
0,RDC,Bandundu,03,Kwango,0303,Kahemba,030302,Kwango,Kahemba,03030201,OMS,03030201,0303,Kwango,Kahemba,13200.26774330000,204519.00000000000,15.49
0,RDC,Bandundu,03,Kwilu,0304,Gungu,030403,Kwilu,Gungu,03040301,OMS,03040301,0304,Kwilu,Gungu,5909.22152411000,192958.00000000000,32.65
88,RDC,Kasai Occidental,10,Kasai,1003,TSHIKAPA,100301,Tshikapa,Kitangwa,10030103,OMS,10030103,,Tshikapa,Kitangwa,10055.28099340000,206005.00000000000,20.49
0,RDC,Bandundu,03,Kwilu,0304,Gungu,030403,Kwilu,Mukedi,03040303,OMS,03040303,0304,Kwilu,Mukedi,3742.55485083000,141336.00000000000,37.76
0,RDC,Katanga,09,Tanganika,0907,Kongolo,090703,Tanganika,Kongolo,09070301,OMS,09070301,0907,Tanganika,Kongolo,5217.73820345000,241224.00000000000,46.23
0,RDC,Katanga,09,Tanganika,0907,KONGOLO,090703,Tanganika,Mbulala,09070302,OMS,09070302,0907,Tanganika,Mbulala,7953.05029956000,166689.00000000000,20.96
0,RDC,Katanga,09,Tanganika,0907,KABALO,090701,Tanganika,Kabalo,09070101,OMS,09070101,0907,Tanganika,Kabalo,14779.13615420000,184814.00000000000,12.51
0,RDC,Katanga,09,Kolwezi,0903,DILALA,090301,Kolwezi,Dilala,09030101,OMS,09030101,0903,Kolwezi,Dilala,3761.16160629000,109758.00000000000,29.18
0,RDC,Katanga,09,Kolwezi,0903,MUTSHATSHA,090304,Kolwezi,Mutshatsha,09030403,OMS,09030403,0903,Kolwezi,Mutshatsha,13335.59162240000,60237.00000000000,4.52
0,RDC,Katanga,09,Kolwezi,0903,LUBUDI,090302,Kolwezi,Lubudi,09030203,OMS,09030203,0903,Kolwezi,Lubudi,10263.22819010000,108678.00000000000,10.59
0,RDC,Katanga,09,Haut Lomami,0902,BUKAMA,090201,Haut Lomami,Bukama,09020101,OMS,09020101,0902,Haut-Lomami,Bukama,5642.69584298000,302767.00000000000,53.66
0,RDC,Katanga,09,Haut Lomami,0902,BUKAMA,090201,Haut Lomami,Kabondo Dianda,09020103,OMS,09020103,0902,Haut-Lomami,Kabondo Dianda,6458.33114414000,210859.00000000000,32.65
0,RDC,Katanga,09,Haut Lomami,0902,KABONGO,090202,Haut Lomami,Kabongo,09020201,OMS,09020201,0902,Haut-Lomami,Kabongo,10364.00447530000,313280.00000000000,30.23
0,RDC,Katanga,09,Haut Lomami,0902,KAMINA,090203,Haut Lomami,Songa,09020304,OMS,09020304,0902,Haut-Lomami,Songa,16946.60186480000,147274.00000000000,8.69
0,RDC,Katanga,09,Haut Lomami,0902,KABONGO,090202,Haut Lomami,Kayamba,09020202,OMS,09020202,0902,Haut-Lomami,Kayamba,5961.69182211000,84760.00000000000,14.22
0,RDC,Katanga,09,Haut Lomami,0902,KABONGO,090202,Haut Lomami,Kitenge,09020203,OMS,09020203,0902,Haut-Lomami,Kitenge,4572.13118574000,241136.00000000000,52.74
0,RDC,Katanga,09,Tanganika,0907,MANONO,090704,Tanganika,Ankoro,09070401,OMS,09070401,0907,Tanganika,Ankoro,8579.29536618000,190191.00000000000,22.17
0,RDC,Katanga,09,Haut Lomami,0902,MALEMBA  NKULU,090205,Haut Lomami,Mulongo,09020504,OMS,09020504,0902,Haut-Lomami,Mulongo,2918.63852761000,259536.00000000000,88.92
0,RDC,Katanga,09,Haut Lomami,0902,MALEMBA  NKULU,090205,Haut Lomami,Lwamba,09020501,OMS,09020501,0902,Haut-Lomami,Lwamba,1928.67924000000,96220.00000000000,49.89
0,RDC,Katanga,09,Haut Lomami,0902,MALEMBA  NKULU,090205,Haut Lomami,Mukanga,09020503,OMS,09020503,0902,Haut-Lomami,Mukanga,5899.76540333000,172908.00000000000,29.31
0,RDC,Katanga,09,Haut Lomami,0902,MALEMBA  NKULU,090205,Haut Lomami,Malemba,09020502,OMS,09020502,0902,Haut-Lomami,Malemba Nkulu,1686.06330720000,221460.00000000000,131.35
0,RDC,Katanga,09,Lubumbashi,0906,KAMPEMBA,090602,Lubumbashi,Kampemba,09060201,OMS,09060201,0906,Lubumbashi,Kampemba,757.86992769600,273620.00000000000,361.04
0,RDC,Katanga,09,Lubumbashi,0906,RWASHI,090606,Lubumbashi,Rwashi,09060601,OMS,09060601,0906,Lubumbashi,Rwashi,771.45687580200,198378.00000000000,257.15
0,RDC,Katanga,09,Lubumbashi,0906,LUBUMBASHI,090605,Lubumbashi,Lubumbashi,09060502,OMS,09060502,0906,Lubumbashi,Lubumbashi,498.25196763600,125923.00000000000,252.73
0,RDC,Katanga,09,Lubumbashi,0906,KATUBA,090603,Lubumbashi,Kisanga,09060302,OMS,09060302,0906,Lubumbashi,Kisanga,149.62135933200,115248.00000000000,770.26
0,RDC,Katanga,09,Lubumbashi,0906,KATUBA,090603,Lubumbashi,Katuba,09060301,OMS,09060301,0906,Lubumbashi,Katuba,216.05626587400,183667.00000000000,850.09
0,RDC,Katanga,09,Lubumbashi,0906,LUBUMBASHI,090605,Lubumbashi,Mumbunda,09060503,OMS,09060503,0906,Lubumbashi,Mumbunda,192.60265174600,110609.00000000000,574.29
0,RDC,Katanga,09,Haut-Katanga,0901,KIPUSHI,090103,Haut Katanga,Kipushi,09010302,OMS,09010402,0901,Haut-Katanga,Kipushi,2195.49754609000,147382.00000000000,67.13
0,RDC,Katanga,09,Haut Katanga,0901,SAKANIA,090105,Haut Katanga,Sakania,09010501,OMS,09010601,0901,Haut-Katanga,Sakania,21789.21375430000,273448.00000000000,12.55
0,RDC,Katanga,09,Haut Katanga,0901,KIPUSHI,090103,Haut Katanga,Kafubu,09010301,OMS,09010401,0901,Haut-Katanga,Kafubu,4603.80977460000,96471.00000000000,20.95
0,RDC,Katanga,09,Haut Katanga,0901,KAMBOVE,090101,Likasi,Kilela Balanda,09010103,OMS,09010103,0901,Haut-Katanga,Kilela Balanda,4157.35480609000,57269.00000000000,13.78
0,RDC,Katanga,09,Kolwezi,0903,MUTSHATSHA,090304,Kolwezi,Kanzenze,09030401,OMS,09030401,0903,Kolwezi,Kanzenze,3831.87673397000,83388.00000000000,21.76
0,RDC,Katanga,09,Lualaba,0905,KAPANGA,090502,Lualaba,Kapanga,09050203,OMS,09050202,0905,Lualaba,Kapanga,13158.15826830000,,
0,RDC,Katanga,09,Lualaba,0905,DILOLO,090501,Lualaba,Kasaji,09050102,OMS,09050102,0905,Lualaba,Kasaji,15924.61440890000,215437.00000000000,13.53
0,RDC,Katanga,09,Lualaba,0905,DILOLO,090501,Lualaba,Dilolo,09050101,OMS,09050101,0905,Lualaba,Dilolo,9722.31360631000,149779.00000000000,15.41
0,RDC,Katanga,09,Lualaba,0905,SANDOA,090503,Lualaba,Sandoa,09050301,OMS,09050302,0905,Lualaba,Sandoa,19499.04846030000,102042.00000000000,5.23
0,RDC,Katanga,09,Haut Lomami,0902,KAMINA,090203,Haut Lomami,Kinda,09020303,OMS,09020303,0902,Haut-Lomami,Kinda,17547.94197640000,52673.00000000000,3.00
0,RDC,Katanga,09,Lualaba,0905,KAPANGA,090502,Lualaba,Kalamba,09050202,OMS,09050201,0905,Lualaba,Kalamba,12292.66496120000,119810.00000000000,9.75
0,RDC,Katanga,09,Kolwezi,0903,MANIKA,090303,Kolwezi,Manika,09030301,OMS,09030301,0903,Kolwezi,Manika,7458.99428665000,201446.00000000000,27.01
0,RDC,Katanga,09,Lubumbashi,0906,Lubumbashi,090605,Lubumbashi,Vangu,09060504,OMS,09060504,0906,Lubumbashi,Vangu,0.10152434908,84423.00000000000,831554.00
0,RDC,Katanga,09,Lubumbashi,0906,Lubumbashi,090605,Lubumbashi,Kowe,09060501,OMS,09060501,0906,Lubumbashi,Kowe,0.37525809270,23374.00000000000,62287.00
0,RDC,Katanga,09,Haut Lomami,0902,Kamina,090203,Haut Lomami,Kamina,09020302,OMS,09020302,0902,Haut-Lomami,Kamina,104.57883177500,252828.00000000000,2417.50
0,RDC,Bandundu,03,Kikwit,0302,"Kazamba, Lukeni",030202,Kikwit,Kikwit-Sud,03020201,OMS,03020201,0302,Kikwit,Kikwit-Sud,59.72503141550,194937.00000000000,3263.90
0,RDC,Kasai Occidental,10,Kasai,1003,Mweka,100305,Lulua,Bena Tshadi,10030505,Div_snis,10030505,,Lulua,Bena Tshiadi,2280.67766059000,95990.00000000000,42.09
0,RDC,Kasai Occidental,10,Lulua,1004,Luiza,100404,Luiza,Yangala,10040404,Div_snis,1004B0404,,Luiza,Yangala,5895.94460866000,134762.00000000000,22.86
0,RDC,Kasai Occidental,10,Kasai,1003,Ilebo,100304,Kasai,Ilebo,10030402,Div_snis,10030402,,Kasa,Ilebo,929.00194990400,147000.00000000000,158.23
0,RDC,Kasai Occidental,10,Kasai,1003,Luebo,100303,Kasai,Luebo,10030301,Div_snis,10030301,,Kasa,Luebo,5669.15999894000,255157.00000000000,45.01
0,RDC,Kasai Occidental,10,Lulua,1004,Demba,100402,Lulua,Bena Leka,10040201,Div_snis,1004A0201,,Lulua,Bena Leka,4329.64048982000,230831.00000000000,53.31
0,RDC,Kasai Occidental,10,Lulua,1004,Dimbelenge,100405,Lulua,Mwetshi,10040503,Div_snis,1004A0503,,Lulua,Muetshi,3481.97290704000,94694.00000000000,27.20
0,RDC,Kasai Occidental,10,Lulua,1004,Dibaya,100401,Lulua,Tshikula,10040104,Div_snis,1004A0104,,Lulua,Tshikula,2495.11635892000,113576.00000000000,45.52
0,RDC,Kasai Occidental,10,Lulua,1004,Dibaya,100401,Lulua,Dibaya,10040102,Div_snis,1004A0102,,Lulua,Dibaya,1408.52727576000,119984.00000000000,85.18
0,RDC,Kasai Occidental,10,Tshikapa,1002,Kanzala,100202,Luiza,Kalomba,10020201,Div_snis,1004B0302,,Luiza,Kalomba,1223.90906934000,334905.00000000000,273.64
0,RDC,Kasai Occidental,10,Lulua,1004,Kazumba,100403,Lulua,Tshibala,10040305,Div_snis,1004B0305,,Luiza,Tshibala,2707.25478149000,204971.00000000000,75.71
0,RDC,Kasai Occidental,10,Kasai,1003,Mweka,100305,Kasai,Mushenge,10030503,Div_snis,10030503,,Kasa,Mushenge,6791.50177083000,102857.00000000000,15.14
0,RDC,Kasai Occidental,10,Kasai,1003,Mweka,100305,Kasai,Bulape,10030501,Div_snis,10030501,,Kasa,Bulape,4012.86127814000,138732.00000000000,34.57
0,RDC,Kasai Occidental,10,Lulua,1004,Luiza,100404,Luiza,Masuika,10040403,Div_snis,1004B0403,,Luiza,Masuika,2313.68274369000,250152.00000000000,108.12
0,RDC,Kasai Occidental,10,Lulua,1004,Luiza,100404,Luiza,Luiza,10040402,Div_snis,1004B0402,,Luiza,Luiza,3465.31424940000,144493.00000000000,41.70
0,RDC,Kasai Occidental,10,Kananga,1001,Katoka,100102,Kananga,Katoka,10010201,Div_snis,10010201,,Kananga,Katoka,141.68288932400,118683.00000000000,837.67
0,RDC,Kasai Occidental,10,Kananga,1001,Ndesha,100104,Kananga,Ndesha,10010401,Div_snis,10010401,,Kananga,Ndesha,103.89544256000,88647.00000000000,853.23
0,RDC,Kasai Occidental,10,Kananga,1001,Nganza,100105,Kananga,Tshikaji,10010502,Div_snis,10010502,,Kananga,Tshikaji,110.56633742500,98363.00000000000,889.63
0,RDC,Kasai Occidental,10,Lulua,1004,Kazumba,100403,Lulua,Bilomba,10040301,Div_snis,1004B0301,,Luiza,Bilomba,1279.80647713000,75953.00000000000,59.35
0,RDC,Kasai Occidental,10,Lulua,1004,Kazumba,100403,Lulua,Ndekesha,10040304,Div_snis,1004B0304,,Luiza,Ndekesha,4024.80835338000,134489.00000000000,33.42
0,RDC,Kasai Occidental,10,Lulua,1004,Dibaya,100401,Lulua,Bunkonde,10040101,Div_snis,1004A0101,,Lulua,Bunkonde,1632.07028239000,95558.00000000000,58.55
0,RDC,Kasai Occidental,10,Lulua,1004,Kazumba,100403,Lulua,Mikalayi,10040303,Div_snis,1004A0303,,Lulua,Mikalayi,3300.57935470000,184481.00000000000,55.89
0,RDC,Kasai Occidental,10,Lulua,1004,Luiza,100404,Lulua,Luambo,10040401,Div_snis,1004B0401,,Luiza,Luambo,4274.20752714000,222915.00000000000,52.15
0,RDC,Kasai Occidental,10,Lulua,1004,Dimbelenge,100405,Lulua,Katende,10040501,Div_snis,1004A0501,,Lulua,Katende,3105.70015203000,70049.00000000000,22.55
0,RDC,Kasai Occidental,10,Kasai,1003,Luebo,100303,Kasai,Ndjoko-Mpunda,10030302,Div_snis,10030302,,Kasa,Ndjoko-Mpunda,2577.72301835000,127411.00000000000,49.43
0,RDC,Kasai Occidental,10,Lulua,1004,Dibaya,100401,Lulua,Lubondayi,10040103,Div_snis,1004A0103,,Lulua,Lubondaie,2007.93244651000,134971.00000000000,67.22
0,RDC,Kasai Occidental,10,Kasai,1003,Mweka,100305,Kasai,Kakenge,10030502,Div_snis,10030502,,Kasa,Kakenge,5089.70138234000,123832.00000000000,24.33
0,RDC,Kasai Occidental,10,Kasai,1003,Dekese,100302,Kasai,Dekese,10030201,Div_snis,10030201,,Kasa,Dekese,25734.14673070000,122838.00000000000,4.77
0,RDC,Province Orienta,05,Ituri,0505,Irumu,050502,Bunia,Rwampara,05050206,Div_snis,0505B0206,0505B,Bunia,Rwampara,665.44143160400,102414.00000000000,153.90
0,RDC,Province Orienta,05,Ituri,0505,Irumu,050502,Bunia,Bunia,05050202,Div_snis,0505B0202,0505B,Bunia,Bunia,168.96873995300,213944.00000000000,1266.10
0,RDC,Province Orienta,05,Ituri,0505,Djugu,050505,Djugu,Jiba,05050505,Div_snis,0505C0505,0505C,Djugu,Jiba,314.83686020000,125823.00000000000,399.65
0,RDC,Province Orienta,05,Ituri,0505,Djugu,050505,Djugu,Linga,05050507,Div_snis,0505C0507,0505C,Djugu,Linga,398.95463504600,125230.00000000000,313.90
0,RDC,Province Orienta,05,Ituri,0505,Djugu,050505,Djugu,Mangala,05050509,Div_snis,0505C0509,0505C,Djugu,Mangala,629.34271810200,71915.00000000000,114.27
0,RDC,Province Orienta,05,Ituri,0505,Djugu,050505,Djugu,Damas,05050502,Div_snis,0505C0502,0505C,Djugu,Damas,1795.98331539000,95771.00000000000,53.33
0,RDC,Province Orienta,05,Ituri,0505,Djugu,050505,Djugu,Fataki,05050504,Div_snis,0505C0504,0505C,Djugu,Fataki,393.39423421800,112708.00000000000,286.50
0,RDC,Province Orienta,05,Ituri,0505,Djugu,050505,Djugu,Drodro,05050503,Div_snis,0505C0503,0505C,Djugu,Drodro,649.61714019500,150090.00000000000,231.04
0,RDC,Province Orienta,05,Ituri,0505,Djugu,050505,Djugu,Tchomia,05050513,Div_snis,0505C0513,0505C,Djugu,Tchomia,267.50732929500,92240.00000000000,344.81
0,RDC,Province Orienta,05,Ituri,0505,Djugu,050505,Djugu,Rethy,05050512,Div_snis,0505C0512,0505C,Djugu,Rethy,665.60137270100,165942.00000000000,249.31
0,RDC,Province Orienta,05,Ituri,0505,Irumu,050502,Bunia,Nyankunde,05050205,Div_snis,0505B0205,0505B,Bunia,Nyakunde,862.09719146900,82779.00000000000,96.02
0,RDC,Province Orienta,05,Ituri,0505,Djugu,050505,Djugu,Nizi,05050511,Div_snis,0505C0511,0505C,Djugu,Nizi,238.70015115100,115671.00000000000,484.59
0,RDC,Province Orienta,05,Ituri,0505,Djugu,050505,Djugu,Bambu,05050501,Div_snis,0505C0501,0505C,Djugu,Bambu,466.24072215700,135830.00000000000,291.33
0,RDC,Province Orienta,05,Ituri,0505,Djugu,050505,Djugu,Kilo,05050506,Div_snis,0505C0506,0505C,Djugu,Kilo,341.63341761700,55195.00000000000,161.56
0,RDC,Province Orienta,05,Ituri,0505,Djugu,050505,Djugu,Mongbwalu,05050510,Div_snis,0505C0510,0505C,Djugu,Mongbalu,1361.76412599000,89919.00000000000,66.03
0,RDC,Province Orienta,05,Ituri,0505,Irumu,050502,Bunia,Komanda,05050204,Div_snis,0505B0204,0505B,Bunia,Komanda,3191.56771346000,137458.00000000000,43.07
0,RDC,Province Orienta,05,Ituri,0505,Irumu,050502,Bunia,Gethy,05050203,Div_snis,0505B0203,0505B,Bunia,Gethy,1736.69940171000,176017.00000000000,101.35
0,RDC,Province Orienta,05,Ituri,0505,Irumu,050502,Bunia,Boga,05050201,Div_snis,0505B0201,0505B,Bunia,Boga,1085.15514039000,64829.00000000000,59.74
0,RDC,Province Orienta,05,Ituri,0505,Mambasa,050501,Bunia,Nia-Nia,05050104,Div_snis,0505B0104,0505B,Bunia,Nia-Nia,6708.31330620000,59229.00000000000,8.83
0,RDC,Province Orienta,05,Ituri,0505,Mambasa,050501,Bunia,Mandima,05050103,Div_snis,0505B0103,0505B,Bunia,Mandima,1895.61409003000,99418.00000000000,52.45
0,RDC,Province Orienta,05,Ituri,0505,Mambasa,050501,Bunia,Lolwa,05050102,Div_snis,0505B0102,0505B,Bunia,Lolwa,9212.80320534000,44519.00000000000,4.83
0,RDC,Province Orienta,05,Ituri,0505,Djugu,050505,Djugu,Lita,05050508,Div_snis,0505C0508,0505C,Djugu,Lita,431.88417299400,109909.00000000000,254.49
0,RDC,Province Orienta,05,Haut - Uele,0504,Wamba,050406,Haut Uele Ou,Boma-Mangbetu,05040602,Div_snis,0504B0602,0504B,Haut Uele Ouest,Boma-Mangbetu,1424.90526947000,88546.00000000000,62.14
0,RDC,Province Orienta,05,Haut - Uele,0504,Rungu,050403,Haut Uele Ou,Isiro,05040301,Div_snis,0504B0301,0504B,Haut Uele Ouest,Isiro,4440.82897859000,210115.00000000000,47.31
0,RDC,Province Orienta,05,Haut - Uele,0504,Wamba,050406,Haut Uele Ou,Wamba,05040601,Div_snis,0504B0601,0504B,Haut Uele Ouest,Wamba,6878.58864508000,109385.00000000000,15.90
0,RDC,Province Orienta,05,Haut - Uele,0504,Dungu,050404,Haut Uele Ou,Doruma,05040402,Div_snis,0504B0402,0504B,Haut Uele Ouest,Doruma,14730.94327440000,58963.00000000000,4.00
0,RDC,Province Orienta,05,Haut - Uele,0504,Wamba,050406,Haut Uele Ou,Pawa,05040603,Div_snis,0504B0603,0504B,Haut Uele Ouest,Pawa,1534.98325724000,127979.00000000000,83.37
0,RDC,Province Orienta,05,Haut - Uele,0504,Niangara,050405,Haut Uele Ou,Niangara,05040501,Div_snis,0504B0501,0504B,Haut Uele Ouest,Niangara,9368.63444825000,94906.00000000000,10.13
0,RDC,Province Orienta,05,Haut - Uele,0504,Rungu,050403,Haut Uele Ou,Rungu,05040302,Div_snis,0504B0302,0504B,Haut Uele Ouest,Rungu,4964.75991572000,85056.00000000000,17.13
0,RDC,Province Orienta,05,Ituri,0505,Mambasa,050501,Bunia,Mambasa,05050101,Div_snis,0505B0101,0505B,Bunia,Mambasa,17788.19926830000,79191.00000000000,4.45
0,RDC,Province Orienta,05,Ituri,0505,Mahagi,050504,Aru,Rimba,05050407,Div_snis,0505A0407,0505A,Aru,Rimba,371.57593296500,176216.00000000000,474.24
0,RDC,Province Orienta,05,Ituri,0505,Mahagi,050504,Aru,Logo,05050404,Div_snis,0505A0404,0505A,Aru,Logo,267.09327798300,190183.00000000000,712.05
0,RDC,Province Orienta,05,Ituri,0505,Mahagi,050504,Aru,Angumu,05050401,Div_snis,0505A0401,0505A,Aru,Angumu,276.97611971000,141705.00000000000,511.61
0,RDC,Province Orienta,05,Ituri,0505,Mahagi,050504,Aru,Nyarambe,05050406,Div_snis,0505A0406,0505A,Aru,Nyarambe,455.81934711500,184586.00000000000,404.95
0,RDC,Province Orienta,05,Ituri,0505,Mahagi,050504,Aru,Mahagi,05050405,Div_snis,0505A0405,0505A,Aru,Mahagi,563.32243987400,142755.00000000000,253.42
0,RDC,Province Orienta,05,Haut - Uele,0504,Faradje,050401,Haut Uele Es,Aba,05040103,Div_snis,0504A0103,0504A,Haut Uele Est,Aba,2576.77906078000,107212.00000000000,41.61
0,RDC,Province Orienta,05,Haut - Uele,0504,Faradje,050401,Haut Uele Es,Makoro,05040102,Div_snis,0504A0102,0504A,Haut Uele Est,Makoro,3615.69511824000,104019.00000000000,28.77
0,RDC,Province Orienta,05,Ituri,0505,Mahagi,050504,Aru,Kambala,05050403,Div_snis,0505A0403,0505A,Aru,Kambala,1371.11434965000,110750.00000000000,80.77
0,RDC,Province Orienta,05,Ituri,0505,Aru,050503,Aru,Biringi,05050305,Div_snis,0505A0305,0505A,Aru,Biringi,1877.98408516000,102181.00000000000,54.41
0,RDC,Province Orienta,05,Ituri,0505,Aru,050503,Aru,Laybo,05050306,Div_snis,0505A0306,0505A,Aru,Laybo,1290.97535370000,104690.00000000000,81.09
0,RDC,Province Orienta,05,Ituri,0505,Aru,050503,Aru,Ariwara,05050303,Div_snis,0505A0303,0505A,Aru,Ariwara,645.37035146100,136922.00000000000,212.16
0,RDC,Province Orienta,05,Ituri,0505,Aru,050503,Aru,Adi,05050301,Div_snis,0505A0301,0505A,Aru,Adi,1125.05599955000,132722.00000000000,117.97
0,RDC,Province Orienta,05,Ituri,0505,Aru,050503,Aru,Aru,05050304,Div_snis,0505A0304,0505A,Aru,Aru,861.36397310100,148593.00000000000,172.51
0,RDC,Province Orienta,05,Ituri,0505,Aru,050503,Aru,Adja,05050302,Div_snis,0505A0302,0505A,Aru,Adja,1148.08134802000,110229.00000000000,96.01
0,RDC,Province Orienta,05,Ituri,0505,Mahagi,050504,Aru,Aungba,05050402,Div_snis,0505A0402,0505A,Aru,Aungba,1311.52416313000,114666.00000000000,87.43
0,RDC,Province Orienta,05,Haut - Uele,0504,Faradje,050401,Haut Uele Es,Faradje,05040101,Div_snis,0504A0101,0504A,Haut Uele Est,Faradje,6509.90855285000,83704.00000000000,12.86
0,RDC,Province Orienta,05,Haut - Uele,0504,Watsa,050402,Haut Uele Es,Gombari,05040202,Div_snis,0504A0202,0504A,Haut Uele Est,Gombari,10395.72913500000,82696.00000000000,7.95
0,RDC,Province Orienta,05,Haut - Uele,0504,Dungu,050404,Haut Uele Ou,Dungu,05040401,Div_snis,0504B0401,0504B,Haut Uele Ouest,Dungu,19156.38760060000,111057.00000000000,5.80
0,RDC,Province Orienta,05,Haut - Uele,0504,Watsa,050402,Haut Uele Es,Watsa,05040201,Div_snis,0504A0201,0504A,Haut Uele Est,Watsa,6066.77254493000,144381.00000000000,23.80
0,RDC,Kasai Occidental,10,Lulua,1004,Demba,100402,Lulua,Demba,10040202,OMS,1004A0202,,Lulua,Demba,3817.64301928000,265919.00000000000,69.66
0,RDC,Kasai Occidental,10,Lulua,1004,Demba,100402,Lulua,Mutoto,10040203,OMS,1004A0203,,Lulua,Mutoto,1342.15530152000,108455.00000000000,80.81
0,RDC,Kasai Occidental,10,Lulua,1004,Dimbelenge,100405,Lulua,Lubanga,10040502,Div_snis,1004A0502,,Lulua,Lubunga,2910.43650114000,82531.00000000000,28.36
0,RDC,Kasai Occidental,10,Kananga,1001,Kananga,100101,Kananga,Kananga,10010101,OMS,10010101,,Kananga,Kananga,42.85984337970,228080.00000000000,5321.50
0,RDC,Kinshasa,01,Nsele,0106,MALUKU,010601,Nsele,Maluku II,01060102,OMS,01060102,0106,Nsele,Maluku I,3341.04646782000,47978.00000000000,14.36
0,RDC,Bas-Congo,02,Lukaya,0204,MADIMBA,020403,Lukaya,Nselo,02040303,OMS,02040303,0204,Lukaya,Nselo,3256.54342917000,83693.00000000000,25.70
0,RDC,Maniema,07,Maniema,0702,PUNIA,070207,MN Nord,Punia,07020702,OMS,0702B0402,0702B,Maniema Nord,Punia,5640.38132808000,73758.00000000000,13.08
0,RDC,Kasai Oriental,11,Sankuru,1103,LOMELA,110304,Sankuru,Lomela,11030401,OMS,11030401,1103,Sankuru,Lomela,14482.55898770000,0.00000000000,0.00
0,RDC,Bandundu,03,Mai-Ndombe,0305,Inongo,030501,Mai-Ndombe,Banjow Moke,03050101,OMS,03050303,0305,Mai-Ndombe,Nioki,9188.88872437000,87872.00000000000,9.56
0,RDC,Bandundu,03,Plateau,0306,Yumbi,030603,Plateau,Yumbi,03060301,OMS,03060401,0306,Plateau,Yumbi,1214.99005949000,101488.00000000000,83.53
0,RDC,Bandundu,03,Plateau,0306,Bolobo,030603,Plateau,Bolobo,03060301,OMS,03060101,0306,Plateau,Bolobo,4124.37132546000,101488.00000000000,24.61
0,RDC,Bandundu,03,Plateau,0306,Mushie,030603,Plateau,Mushie,03060301,OMS,03060301,0306,Plateau,Mushie,11859.89385420000,101488.00000000000,8.56
0,RDC,Bandundu,03,Plateau,0306,Kwamouth,030603,Plateau,Kwamouth,03060301,OMS,03060201,0306,Plateau,Kwamouth,14552.12083530000,101488.00000000000,6.97
0,RDC,Bandundu,03,Kwilu,0304,Bagata,030401,Kwilu,Mokala,03040103,OMS,03040405,0304,Kwilu,Mokala,2749.28834327000,88759.00000000000,32.28
0,RDC,Bandundu,03,Mai-Ndombe,0305,Oshwe,030504,Mai-Ndombe,Mimia,03050401,OMS,03050401,0305,Mai-Ndombe,Mimia,19496.85445990000,42114.00000000000,2.16
0,RDC,Bandundu,03,Kwango,0303,Feshi,030301,Kwango,Kisanji,03030102,OMS,03030102,0303,Kwango,Kisandji,4929.86568421000,75894.00000000000,15.39
0,RDC,Kasai Occidental,10,Kananga,1001,Lukonga,100103,Kananga,Lukonga,10010301,Div_snis,10010301,,Kananga,Lukonga,93.17335422350,230859.00000000000,2477.70
0,RDC,Katanga,09,Haut Katanga,0902,MITWABA,090205,Haut Lomami,Mitwaba,09020503,OMS,09010301,0901,Haut-Katanga,Mitwaba,14180.31294400000,172908.00000000000,12.19
0,RDC,Maniema,07,Maniema,0702,KIBOMBO,070204,MN Sud,Tunda,07020402,OMS,0702C0702,0702C,Maniema Sud,Tunda,9979.79828162000,87069.00000000000,8.72
0,RDC,Equateur,04,NORD UBANGI,0405,BOSOBOLO,040501,Nord-Ubangi,Bosobolo,04050102,OMS,04050102,0405,Nord-Ubangi,Bosobolo,7027.71922492000,135487.00000000000,19.28
0,RDC,Equateur,04,NORD UBANGI,0405,BUSINGA,040502,Nord-Ubangi,Businga,04050201,OMS,04050201,0405,Nord-Ubangi,Businga,6456.34210746000,105957.00000000000,16.41
0,RDC,Equateur,04,SUD-UBANGI,0406,KUNGU,040603,Sud-Ubangi,Boto,04060302,OMS,04060302,0406,Sud-Ubangi,Boto,1426.99811827000,148664.00000000000,104.18
0,RDC,Equateur,04,MONGALA,0403,LISALA,040303,Mongala,Lisala,04030303,OMS,04030303,0403,Mongala,Lisala,5576.59751574000,249170.00000000000,44.68
0,RDC,Equateur,04,SUD-UBANGI,0406,BUDJALA,040601,SUD-UBANGI,Ndage,04060105,OMS,04060105,0406,Sud-Ubangi,Ndage,1711.05125048000,107418.00000000000,62.78
0,RDC,Equateur,04,Mbandaka,0401,MBANDAKA,040101,Mbandaka,Mbandaka,04010101,OMS,04010101,0401,Mbandaka,Mbandaka,184.02437335200,117965.00000000000,641.03
0,RDC,Equateur,04,Mbandaka,0401,WANGATA,040102,Mbandaka,Wangata,04010202,OMS,04010202,0401,Mbandaka,Wangata,202.97605926300,108510.00000000000,534.60
0,RDC,Equateur,04,TSHUAPA,0404,BEFALE,040401,Tshuapa,Befale,04040101,OMS,04040101,0404,Tshuapa,Befale,12790.14369230000,133445.00000000000,10.43
0,RDC,Bandundu,03,Kwango,0303,Feshi,030301,Kwango,Mwela Lembwa,03030103,OMS,03030103,0303,Kwango,Mwela-Lembwa,7164.47186882000,79397.00000000000,11.08
0,RDC,Kinshasa,01,Kalamu,0103,Limete,010302,Kalamu,Kingabwa,01030201,OMS,01030201,0103,Kalamu,Kingabwa,15.04204697640,152921.00000000000,10166.00
0,RDC,Province Orienta,05,Bas-Uele,0503,Aketi,050302,Buta,Likati,05030202,OMS,0503A0202,0503A,Buta,Likati,13129.31004060000,64355.00000000000,4.90
0,RDC,Province Orienta,05,Tshopo,0502,Yahuma,050202,Tshopo Lomam,Yahuma,05020201,OMS,0502B0201,0502B,Tshopo Lomami,Yahuma,21481.99104190000,129031.00000000000,6.01
0,RDC,Equateur,04,Tshuapa,0404,Ikela,040405,Tshuapa,Ikela,04040501,OMS,04040501,0404,Tshuapa,Ikela,13831.26480330000,129866.00000000000,9.39
0,RDC,Province Orienta,05,Kisangani,0501,Lubunga,050102,Kisangani,Lubunga,05010201,Div_snis,05010201,0501,Kisangani,Lubunga,883.86822605400,151909.00000000000,171.87
0,RDC,Province Orienta,05,Kisangani,0501,Ubundu,050102,Tshopo Lindi,Ubundu,05010201,Div_snis,0502A0502,0501,Tshopo Lindi,Ubundu,12189.66911120000,151909.00000000000,12.46
0,RDC,Maniema,07,Maniema,0702,PUNIA,070207,MN Nord,Ferekeni,07020701,OMS,0702B0401,0702B,Maniema Nord,Ferekeni,10757.15058600000,91383.00000000000,8.50
0,RDC,Sud Kivu,06,Sud-Kivu,0602,Kabare,060203,SK Nord,Katana,06020302,OMS,0602B0302,,SK Nord,Katana,422.92550346400,170968.00000000000,404.25
0,RDC,Maniema,07,Maniema,0702,KAILO,070202,MN Centre,Kailo,07020201,OMS,0702A0101,0702A,Maniema Centre,Kailo,23135.68393720000,119726.00000000000,5.17
84,RDC,Kasai Oriental,11,Sankuru,1103,LUSAMBO,110306,Sankuru,Lusambo,11030601,OMS,11030305,1103,Sankuru,Ototo,3064.45360901000,0.00000000000,0.00
17,RDC,Kasai Oriental,11,Sankuru,1103,LUBEFU,110305,Sankuru,Minga,11030502,OMS,11030502,1103,Sankuru,Tshumbe,4087.20682101000,0.00000000000,0.00
0,RDC,Maniema,07,Maniema,0702,KABAMBARE,070201,MN Sud,Lusangi,07020102,OMS,0702C0602,0702C,Maniema Sud,Lusangi,4259.88675416000,,
0,RDC,Kasai Occidental,10,Kananga,1001,Nganza,100105,Kananga,Tshikaji,10010502,Div_snis,10010501,,Kananga,Bobozo,37.46219256470,98363.00000000000,2625.60
0,RDC,Sud Kivu,06,Sud Kivu,0602,Shabunda,060206,SK Ouest,Kalole,06020601,OMS,0602D0601,,SK Ouest,Kalole,7738.89580490000,92971.00000000000,12.01
0,RDC,Sud Kivu,06,Sud-Kivu,0602,Idjwi,060202,SK Nord,Idjwi,06020201,OMS,0602B0201,,SK Nord,Idjwi,280.69318662400,207511.00000000000,739.28
0,RDC,Sud Kivu,06,Bukavu,0601,Ibanda,060102,Bukavu,Ibanda,06010201,OMS,06010201,,Bukavu,Ibanda,17.73265503060,270274.00000000000,15241.00
0,RDC,Katanga,09,Haut Katanga,0901,KASENGA,090102,Haut Katanga,Kashobwe,09010201,OMS,09010201,0901,Haut-Katanga,Kashobwe,14404.25715350000,130836.00000000000,9.08
